Adam,affine,"{""alpha"": 1e-05, ""beta_m"": 0.9, ""beta_nu"": 0.999}",Arsalan,RSS1,20,1100000,,900k,1.1m,2025-05-02,,,,,,18.799,21.945,20.189,20.08,19.564,21.572,43.239,22.86,19.699,17.948,19.501
Adam,affine,"{""alpha"": 3.162277660168379e-08, ""beta_m"": 0.9, ""beta_nu"": 0.999}",Arsalan,RSS1,20,1100000,,900k,1.1m,2025-05-02,,,,,,21.244,24.429,23.056,21.701,22.56,23.775,26.368,25.942,22.913,20.848,21.569
Adam,affine,"{""alpha"": 1e-07, ""beta_m"": 0.9, ""beta_nu"": 0.999}",Arsalan,RSS1,20,1100000,,900k,1.1m,2025-05-02,,,,,,21.379,24.399,22.978,21.535,22.177,23.386,25.957,25.704,22.685,20.907,21.749
Adam,affine,"{""alpha"": 3.162277660168379e-07, ""beta_m"": 0.9, ""beta_nu"": 0.999}",Arsalan,RSS1,20,1100000,,900k,1.1m,2025-05-02,,,,,,21.681,24.304,22.752,21.073,21.25,22.529,24.934,25.15,22.373,21.072,22.12
Adam,affine,"{""alpha"": 3.162277660168379e-06, ""beta_m"": 0.9, ""beta_nu"": 0.999}",Arsalan,RSS1,20,1100000,,900k,1.1m,2025-05-02,,,,,,19.154,23.291,21.311,19.654,20.705,21.023,26.899,24.287,21.698,19.303,19.04
Adam,affine,"{""alpha"": 1e-06, ""beta_m"": 0.9, ""beta_nu"": 0.999}",Arsalan,RSS1,20,1100000,,900k,1.1m,2025-05-02,,,,,,21.297,24.022,22.197,20.131,20.239,21.62,23.762,24.538,22.562,20.968,21.49
Adam,affine,"{""alpha"": 1e-08, ""beta_m"": 0.9, ""beta_nu"": 0.999}",Arsalan,RSS1,20,1100000,,900k,1.1m,2025-05-02,,,,,,21.201,24.439,23.081,21.756,22.691,23.912,26.507,26.025,23.002,20.831,21.509
Adam,affine,"{""alpha"": 0.00031622776601683794, ""beta_m"": 0.9, ""beta_nu"": 0.999}",Arsalan,RSS1,20,1100000,,900k,1.1m,2025-05-02,,,,,,16.287,16.325,14.748,15.326,14.264,17.462,17.301,19.273,17.982,16.12,16.459
Adam,affine,"{""alpha"": 0.0031622776601683794, ""beta_m"": 0.9, ""beta_nu"": 0.999}",Arsalan,RSS1,20,1100000,,900k,1.1m,2025-05-02,,,,,,15.038,14.952,12.79,12.07,11.405,13.985,16.389,17.163,16.188,14.67,15.304
Adam,affine,"{""alpha"": 3.1622776601683795e-05, ""beta_m"": 0.9, ""beta_nu"": 0.999}",Arsalan,RSS1,20,1100000,,900k,1.1m,2025-05-02,,,,,,18.086,20.107,18.494,18.153,17.607,26.558,65.851,21.907,19.099,17.591,18.454
Adam,affine,"{""alpha"": 0.03162277660168379, ""beta_m"": 0.9, ""beta_nu"": 0.999}",Arsalan,RSS1,20,1100000,,900k,1.1m,2025-05-02,,,,,,15.639,16.382,12.892,11.335,12.77,15.613,18.709,16.523,16.741,14.308,16.686
Adam,affine,"{""alpha"": 0.001, ""beta_m"": 0.9, ""beta_nu"": 0.999}",Arsalan,RSS1,20,1100000,,900k,1.1m,2025-05-02,,,,,,15.505,15.461,13.63,13.795,12.705,14.907,16.748,18.233,17.125,15.248,15.717
Adam,affine,"{""alpha"": 0.01, ""beta_m"": 0.9, ""beta_nu"": 0.999}",Arsalan,RSS1,20,1100000,,900k,1.1m,2025-05-02,,,,,,14.727,14.981,12.235,10.69,11.128,13.853,16.396,16.219,15.691,14.079,15.237
Adam,affine,"{""alpha"": 0.0001, ""beta_m"": 0.9, ""beta_nu"": 0.999}",Arsalan,RSS1,20,1100000,,900k,1.1m,2025-05-02,,,,,,17.205,17.813,16.511,16.564,16.184,28.428,27.205,20.67,18.634,17.048,17.316
Adam,affine,"{""alpha"": 3.1622776601683795, ""beta_m"": 0.9, ""beta_nu"": 0.999}",Arsalan,RSS1,20,1100000,,900k,1.1m,2025-05-02,,,,,,523.136,477.593,439.342,499.829,612.424,642.466,690.565,441.631,506.96,372.86,616.069
Adam,affine,"{""alpha"": 0.1, ""beta_m"": 0.9, ""beta_nu"": 0.999}",Arsalan,RSS1,20,1100000,,900k,1.1m,2025-05-02,,,,,,23.156,23.212,18.983,19.228,22.927,25.672,29.441,22.152,23.818,18.881,26.11
Adam,affine,"{""alpha"": 0.31622776601683794, ""beta_m"": 0.9, ""beta_nu"": 0.999}",Arsalan,RSS1,20,1100000,,900k,1.1m,2025-05-02,,,,,,56.358,52.067,45.72,51.261,63.264,66.979,74.44,48.559,54.035,41.097,65.878
Adam,affine,"{""alpha"": 1.0, ""beta_m"": 0.9, ""beta_nu"": 0.999}",Arsalan,RSS1,20,1100000,,900k,1.1m,2025-05-02,,,,,,166.45,153.302,138.367,160.118,194.736,201.138,222.68,141.0,158.982,119.822,195.418
Newton,affine,"{""alpha"": 3.162277660168379e-08, ""gamma"": 0.9999}",Arsalan,RSS1,20,1100000,,900k,1.1m,2025-05-02,,,,,,22.881,24.176,22.514,21.274,22.126,22.986,24.679,25.022,23.148,21.281,24.027
Newton,affine,"{""alpha"": 1e-08, ""gamma"": 0.9999}",Arsalan,RSS1,20,1100000,,900k,1.1m,2025-05-02,,,,,,21.257,24.331,22.844,21.603,22.543,23.636,25.699,25.507,22.65,20.737,21.661
Newton,affine,"{""alpha"": 1e-07, ""gamma"": 0.9999}",Arsalan,RSS1,20,1100000,,900k,1.1m,2025-05-02,,,,,,35.423,24.468,23.296,20.711,21.13,21.693,29.21,29.314,33.543,27.641,40.409
Newton,affine,"{""alpha"": 3.162277660168379e-07, ""gamma"": 0.9999}",Arsalan,RSS1,20,1100000,,900k,1.1m,2025-05-02,,,,,,81.985,31.188,36.681,22.822,20.404,23.581,70.955,63.078,83.287,57.587,96.855
Newton,affine,"{""alpha"": 3.162277660168379e-06, ""gamma"": 0.9999}",Arsalan,RSS1,20,1100000,,900k,1.1m,2025-05-02,,,,,,91.888,126.005,148.81,57.949,41.703,68.707,243.516,152.473,159.778,77.0,102.653
Newton,affine,"{""alpha"": 1e-06, ""gamma"": 0.9999}",Arsalan,RSS1,20,1100000,,900k,1.1m,2025-05-02,,,,,,151.943,64.942,86.546,39.45,26.779,43.721,182.096,145.276,184.201,111.65,177.422
Newton,affine,"{""alpha"": 1e-05, ""gamma"": 0.9999}",Arsalan,RSS1,20,1100000,,900k,1.1m,2025-05-02,,,,,,21.526,104.902,82.644,30.769,30.3,39.864,79.525,32.271,24.75,20.601,21.647
Newton,affine,"{""alpha"": 3.1622776601683795e-05, ""gamma"": 0.9999}",Arsalan,RSS1,20,1100000,,900k,1.1m,2025-05-02,,,,,,16.257,24.064,14.967,15.622,14.72,17.803,19.354,19.635,17.446,15.581,16.698
Newton,affine,"{""alpha"": 0.0001, ""gamma"": 0.9999}",Arsalan,RSS1,20,1100000,,900k,1.1m,2025-05-02,,,,,,14.637,15.349,12.277,11.868,12.141,14.061,16.599,16.87,15.63,13.78,15.32
Newton,affine,"{""alpha"": 0.00031622776601683794, ""gamma"": 0.9999}",Arsalan,RSS1,20,1100000,,900k,1.1m,2025-05-02,,,,,,13.378,12.669,10.365,9.982,10.514,12.226,14.867,14.325,14.142,12.512,14.097
Newton,affine,"{""alpha"": 0.31622776601683794, ""gamma"": 0.9999}",Arsalan,RSS1,20,1100000,,900k,1.1m,2025-05-02,,,,,,nan,nan,nan,nan,nan,nan,nan,nan,nan,nan,nan
Newton,affine,"{""alpha"": 1.0, ""gamma"": 0.9999}",Arsalan,RSS1,20,1100000,,900k,1.1m,2025-05-02,,,,,,nan,nan,nan,nan,nan,nan,nan,nan,nan,nan,nan
Newton,affine,"{""alpha"": 0.1, ""gamma"": 0.9999}",Arsalan,RSS1,20,1100000,,900k,1.1m,2025-05-02,,,,,,nan,nan,nan,nan,nan,nan,nan,nan,nan,nan,nan
Newton,affine,"{""alpha"": 3.1622776601683795, ""gamma"": 0.9999}",Arsalan,RSS1,20,1100000,,900k,1.1m,2025-05-02,,,,,,nan,nan,nan,nan,nan,nan,nan,nan,nan,nan,nan
Newton,affine,"{""alpha"": 0.001, ""gamma"": 0.9999}",Arsalan,RSS1,20,1100000,,900k,1.1m,2025-05-02,,,,,,11.967,10.154,8.589,8.032,8.94,10.563,12.967,11.787,12.414,11.211,12.584
Newton,affine,"{""alpha"": 0.0031622776601683794, ""gamma"": 0.9999}",Arsalan,RSS1,20,1100000,,900k,1.1m,2025-05-02,,,,,,10.401,8.164,7.019,6.188,7.489,9.089,11.066,9.663,10.492,9.821,10.827
Newton,affine,"{""alpha"": 0.01, ""gamma"": 0.9999}",Arsalan,RSS1,20,1100000,,900k,1.1m,2025-05-02,,,,,,8.854,6.799,5.848,4.856,6.259,7.873,9.402,8.124,8.631,8.438,9.103
Newton,affine,"{""alpha"": 0.03162277660168379, ""gamma"": 0.9999}",Arsalan,RSS1,20,1100000,,900k,1.1m,2025-05-02,,,,,,8.031,6.364,5.449,4.385,5.661,7.513,8.524,7.406,7.547,7.742,8.148
NAD-SAN,affine,"{""alpha"": 1e-08}",Arsalan,RSS1,20,1100000,,900k,1.1m,2025-05-02,,,,,,21.175,24.444,23.092,21.78,22.749,23.973,26.566,26.058,23.041,20.82,21.474
NAD-SAN,affine,"{""alpha"": 3.162277660168379e-08}",Arsalan,RSS1,20,1100000,,900k,1.1m,2025-05-02,,,,,,21.162,24.443,23.091,21.776,22.742,23.962,26.549,26.046,23.029,20.81,21.46
NAD-SAN,affine,"{""alpha"": 1e-07}",Arsalan,RSS1,20,1100000,,900k,1.1m,2025-05-02,,,,,,21.124,24.439,23.086,21.765,22.718,23.927,26.498,26.008,22.992,20.782,21.414
NAD-SAN,affine,"{""alpha"": 3.162277660168379e-07}",Arsalan,RSS1,20,1100000,,900k,1.1m,2025-05-02,,,,,,21.01,24.429,23.072,21.729,22.642,23.817,26.34,25.89,22.879,20.694,21.278
NAD-SAN,affine,"{""alpha"": 1e-06}",Arsalan,RSS1,20,1100000,,900k,1.1m,2025-05-02,,,,,,20.706,24.396,23.026,21.618,22.411,23.486,25.876,25.548,22.555,20.447,20.926
NAD-SAN,affine,"{""alpha"": 3.162277660168379e-06}",Arsalan,RSS1,20,1100000,,900k,1.1m,2025-05-02,,,,,,20.142,24.296,22.888,21.283,21.753,22.567,24.713,24.71,21.787,19.895,20.341
NAD-SAN,affine,"{""alpha"": 1e-05}",Arsalan,RSS1,20,1100000,,900k,1.1m,2025-05-02,,,,,,19.743,24.016,22.504,20.371,20.233,20.593,22.772,23.34,20.672,19.192,20.147
NAD-SAN,affine,"{""alpha"": 3.1622776601683795e-05}",Arsalan,RSS1,20,1100000,,900k,1.1m,2025-05-02,,,,,,19.459,23.348,21.61,18.496,18.09,18.305,21.039,22.131,19.866,18.704,19.981
NAD-SAN,affine,"{""alpha"": 0.0001}",Arsalan,RSS1,20,1100000,,900k,1.1m,2025-05-02,,,,,,18.62,22.018,19.971,16.509,16.513,17.39,19.961,21.586,19.351,18.193,18.874
NAD-SAN,affine,"{""alpha"": 0.00031622776601683794}",Arsalan,RSS1,20,1100000,,900k,1.1m,2025-05-02,,,,,,17.658,19.768,17.678,15.742,15.421,16.995,19.328,21.107,18.912,17.546,17.684
NAD-SAN,affine,"{""alpha"": 0.001}",Arsalan,RSS1,20,1100000,,900k,1.1m,2025-05-02,,,,,,16.751,17.049,15.399,14.754,14.002,16.402,18.605,20.309,18.303,16.571,16.886
NAD-SAN,affine,"{""alpha"": 0.01}",Arsalan,RSS1,20,1100000,,900k,1.1m,2025-05-02,,,,,,15.157,12.382,12.247,10.529,11.306,14.173,16.404,17.852,16.205,14.586,15.556
NAD-SAN,affine,"{""alpha"": 0.0031622776601683794}",Arsalan,RSS1,20,1100000,,900k,1.1m,2025-05-02,,,,,,15.809,14.585,13.731,12.711,12.489,15.506,17.546,19.149,17.412,15.445,16.09
NAD-SAN,affine,"{""alpha"": 0.03162277660168379}",Arsalan,RSS1,20,1100000,,900k,1.1m,2025-05-02,,,,,,14.418,10.292,10.957,8.856,10.346,12.762,15.658,16.511,15.091,13.608,15.055
NAD-SAN,affine,"{""alpha"": 0.1}",Arsalan,RSS1,20,1100000,,900k,1.1m,2025-05-02,,,,,,13.632,8.505,9.67,7.796,9.824,11.973,15.817,15.364,14.75,12.79,14.4
NAD-SAN,affine,"{""alpha"": 0.31622776601683794}",Arsalan,RSS1,20,1100000,,900k,1.1m,2025-05-02,,,,,,inf,7.63,8.389,7.294,inf,inf,inf,inf,inf,inf,inf
NAD-SAN,affine,"{""alpha"": 1.0}",Arsalan,RSS1,20,1100000,,900k,1.1m,2025-05-02,,,,,,nan,inf,inf,nan,nan,nan,nan,nan,nan,nan,nan
NAD-EAN,affine,"{""alpha"": 1e-08, ""tau"": 100}",Arsalan,RSS1,20,1100000,,900k,1.1m,2025-05-02,,,,,,21.228,24.503,23.145,21.831,22.802,24.035,26.634,26.124,23.097,20.869,21.531
NAD-SAN,affine,"{""alpha"": 3.1622776601683795}",Arsalan,RSS1,20,1100000,,900k,1.1m,2025-05-02,,,,,,nan,nan,nan,nan,nan,nan,nan,nan,nan,nan,nan
NAD-EAN,affine,"{""alpha"": 1e-07, ""tau"": 100}",Arsalan,RSS1,20,1100000,,900k,1.1m,2025-05-02,,,,,,21.171,24.498,23.131,21.807,22.769,23.995,26.586,26.067,23.035,20.81,21.475
NAD-EAN,affine,"{""alpha"": 3.162277660168379e-08, ""tau"": 100}",Arsalan,RSS1,20,1100000,,900k,1.1m,2025-05-02,,,,,,21.214,24.502,23.142,21.825,22.794,24.025,26.622,26.11,23.082,20.855,21.517
NAD-EAN,affine,"{""alpha"": 3.162277660168379e-07, ""tau"": 100}",Arsalan,RSS1,20,1100000,,900k,1.1m,2025-05-02,,,,,,21.037,24.485,23.095,21.751,22.692,23.9,26.473,25.93,22.889,20.67,21.344
NAD-EAN,affine,"{""alpha"": 1e-06, ""tau"": 100}",Arsalan,RSS1,20,1100000,,900k,1.1m,2025-05-02,,,,,,20.627,24.447,22.984,21.573,22.448,23.603,26.121,25.506,22.437,20.241,20.946
NAD-EAN,affine,"{""alpha"": 3.162277660168379e-06, ""tau"": 100}",Arsalan,RSS1,20,1100000,,900k,1.1m,2025-05-02,,,,,,19.484,24.326,22.636,21.025,21.7,22.701,25.06,24.238,21.111,19.023,19.847
NAD-EAN,affine,"{""alpha"": 1e-05, ""tau"": 100}",Arsalan,RSS1,20,1100000,,900k,1.1m,2025-05-02,,,,,,17.097,23.95,21.583,19.407,19.552,20.194,22.196,20.891,17.815,16.335,17.633
NAD-EAN,affine,"{""alpha"": 3.1622776601683795e-05, ""tau"": 100}",Arsalan,RSS1,20,1100000,,900k,1.1m,2025-05-02,,,,,,15.217,22.837,18.668,15.321,14.561,14.954,16.707,14.907,13.197,13.99,15.964
NAD-EAN,affine,"{""alpha"": 0.00031622776601683794, ""tau"": 100}",Arsalan,RSS1,20,1100000,,900k,1.1m,2025-05-02,,,,,,10.941,14.897,7.723,7.057,7.526,8.941,10.714,9.355,10.741,10.82,11.017
NAD-EAN,affine,"{""alpha"": 0.0001, ""tau"": 100}",Arsalan,RSS1,20,1100000,,900k,1.1m,2025-05-02,,,,,,13.73,19.961,12.651,9.229,8.847,10.354,12.391,10.81,11.687,13.287,13.915
NAD-EAN,affine,"{""alpha"": 0.001, ""tau"": 100}",Arsalan,RSS1,20,1100000,,900k,1.1m,2025-05-02,,,,,,9.828,10.61,6.77,6.098,6.857,8.281,9.956,8.688,9.904,9.478,10.105
NAD-EAN,affine,"{""alpha"": 0.0031622776601683794, ""tau"": 100}",Arsalan,RSS1,20,1100000,,900k,1.1m,2025-05-02,,,,,,9.438,8.424,6.367,5.58,6.438,7.962,9.606,8.388,9.526,9.029,9.762
NAD-EAN,affine,"{""alpha"": 0.01, ""tau"": 100}",Arsalan,RSS1,20,1100000,,900k,1.1m,2025-05-02,,,,,,9.237,7.5,6.198,5.373,6.273,7.802,9.424,8.212,9.344,8.819,9.573
LMS,affine,"{""alpha"": 1e-08}",Arsalan,RSS1,20,1100000,,900k,1.1m,2025-05-02,,,,,,18.772,22.525,21.107,19.242,19.709,21.079,22.71,23.332,20.84,19.153,18.509
LMS,affine,"{""alpha"": 3.162277660168379e-08}",Arsalan,RSS1,20,1100000,,900k,1.1m,2025-05-02,,,,,,18.295,21.365,19.998,18.456,19.015,20.293,21.233,21.794,19.77,18.18,18.449
NAD-EAN,affine,"{""alpha"": 0.03162277660168379, ""tau"": 100}",Arsalan,RSS1,20,1100000,,900k,1.1m,2025-05-02,,,,,,8.987,7.085,6.088,5.244,6.164,7.679,9.205,8.023,9.11,8.598,9.301
NAD-EAN,affine,"{""alpha"": 0.1, ""tau"": 100}",Arsalan,RSS1,20,1100000,,900k,1.1m,2025-05-02,,,,,,8.524,6.763,5.939,5.077,6.031,7.497,8.817,7.73,8.663,8.205,8.776
LMS,affine,"{""alpha"": 1e-07}",Arsalan,RSS1,20,1100000,,900k,1.1m,2025-05-02,,,,,,17.959,19.835,18.692,17.515,18.111,19.405,19.301,20.568,19.163,17.714,18.178
NAD-EAN,affine,"{""alpha"": 1.0, ""tau"": 100}",Arsalan,RSS1,20,1100000,,900k,1.1m,2025-05-02,,,,,,8.613,7.381,6.824,5.749,6.91,8.531,9.386,8.257,8.943,8.417,8.703
NAD-EAN,affine,"{""alpha"": 0.31622776601683794, ""tau"": 100}",Arsalan,RSS1,20,1100000,,900k,1.1m,2025-05-02,,,,,,7.941,6.514,5.845,4.934,5.936,7.354,8.391,7.406,8.136,7.707,8.098
LMS,affine,"{""alpha"": 3.162277660168379e-07}",Arsalan,RSS1,20,1100000,,900k,1.1m,2025-05-02,,,,,,17.546,18.149,17.414,16.74,17.349,18.281,18.197,20.087,18.868,17.427,17.632
NAD-EAN,affine,"{""alpha"": 3.1622776601683795, ""tau"": 100}",Arsalan,RSS1,20,1100000,,900k,1.1m,2025-05-02,,,,,,nan,nan,nan,nan,nan,nan,nan,nan,nan,nan,nan
LMS,affine,"{""alpha"": 1e-06}",Arsalan,RSS1,20,1100000,,900k,1.1m,2025-05-02,,,,,,16.983,16.925,16.118,16.164,16.322,16.902,17.713,19.485,18.463,16.808,17.124
LMS,affine,"{""alpha"": 3.162277660168379e-06}",Arsalan,RSS1,20,1100000,,900k,1.1m,2025-05-02,,,,,,16.321,16.062,14.836,15.451,14.795,16.194,17.43,18.902,18.056,15.948,16.634
LMS,affine,"{""alpha"": 1e-05}",Arsalan,RSS1,20,1100000,,900k,1.1m,2025-05-02,,,,,,16.504,15.837,14.179,14.742,13.928,16.223,18.184,18.747,18.187,15.534,17.217
LMS,affine,"{""alpha"": 3.1622776601683795e-05}",Arsalan,RSS1,20,1100000,,900k,1.1m,2025-05-02,,,,,,5.383609061992055e+21,392.069,19.228,18.211,885.667,3181332.487,4972553.274,1908.721,2092.061,2665.698,7.259256978301816e+21
LMS,affine,"{""alpha"": 0.0001}",Arsalan,RSS1,20,1100000,,900k,1.1m,2025-05-02,,,,,,nan,nan,nan,nan,nan,nan,nan,nan,nan,nan,nan
LMS,affine,"{""alpha"": 0.00031622776601683794}",Arsalan,RSS1,20,1100000,,900k,1.1m,2025-05-02,,,,,,nan,nan,nan,nan,nan,nan,nan,nan,nan,nan,nan
LMS,affine,"{""alpha"": 0.001}",Arsalan,RSS1,20,1100000,,900k,1.1m,2025-05-02,,,,,,nan,nan,nan,nan,nan,nan,nan,nan,nan,nan,nan
LMS,affine,"{""alpha"": 0.0031622776601683794}",Arsalan,RSS1,20,1100000,,900k,1.1m,2025-05-02,,,,,,nan,nan,nan,nan,nan,nan,nan,nan,nan,nan,nan
LMS,affine,"{""alpha"": 0.03162277660168379}",Arsalan,RSS1,20,1100000,,900k,1.1m,2025-05-02,,,,,,nan,nan,nan,nan,nan,nan,nan,nan,nan,nan,nan
LMS,affine,"{""alpha"": 0.01}",Arsalan,RSS1,20,1100000,,900k,1.1m,2025-05-02,,,,,,nan,nan,nan,nan,nan,nan,nan,nan,nan,nan,nan
LMS,affine,"{""alpha"": 0.31622776601683794}",Arsalan,RSS1,20,1100000,,900k,1.1m,2025-05-02,,,,,,nan,nan,nan,nan,nan,nan,nan,nan,nan,nan,nan
LMS,affine,"{""alpha"": 0.1}",Arsalan,RSS1,20,1100000,,900k,1.1m,2025-05-02,,,,,,nan,nan,nan,nan,nan,nan,nan,nan,nan,nan,nan
LMS,affine,"{""alpha"": 1.0}",Arsalan,RSS1,20,1100000,,900k,1.1m,2025-05-02,,,,,,nan,nan,nan,nan,nan,nan,nan,nan,nan,nan,nan
LMS,affine,"{""alpha"": 3.1622776601683795}",Arsalan,RSS1,20,1100000,,900k,1.1m,2025-05-02,,,,,,nan,nan,nan,nan,nan,nan,nan,nan,nan,nan,nan
LMS-SAN,affine,"{""alpha"": 1e-08}",Arsalan,RSS1,20,1100000,,900k,1.1m,2025-05-02,,,,,,21.175,24.443,23.092,21.78,22.749,23.973,26.566,26.058,23.041,20.82,21.474
LMS-SAN,affine,"{""alpha"": 3.162277660168379e-08}",Arsalan,RSS1,20,1100000,,900k,1.1m,2025-05-02,,,,,,21.162,24.442,23.09,21.776,22.742,23.962,26.549,26.046,23.029,20.81,21.46
LMS-SAN,affine,"{""alpha"": 1e-07}",Arsalan,RSS1,20,1100000,,900k,1.1m,2025-05-02,,,,,,21.124,24.438,23.086,21.765,22.718,23.927,26.498,26.008,22.992,20.782,21.414
LMS-SAN,affine,"{""alpha"": 3.162277660168379e-07}",Arsalan,RSS1,20,1100000,,900k,1.1m,2025-05-02,,,,,,21.01,24.428,23.071,21.729,22.642,23.817,26.34,25.89,22.879,20.694,21.278
LMS-SAN,affine,"{""alpha"": 1e-06}",Arsalan,RSS1,20,1100000,,900k,1.1m,2025-05-02,,,,,,20.706,24.395,23.026,21.618,22.41,23.486,25.876,25.548,22.555,20.447,20.926
LMS-SAN,affine,"{""alpha"": 3.162277660168379e-06}",Arsalan,RSS1,20,1100000,,900k,1.1m,2025-05-02,,,,,,20.142,24.295,22.887,21.283,21.752,22.567,24.713,24.71,21.788,19.895,20.341
LMS-SAN,affine,"{""alpha"": 1e-05}",Arsalan,RSS1,20,1100000,,900k,1.1m,2025-05-02,,,,,,19.743,24.013,22.503,20.37,20.232,20.593,22.771,23.339,20.672,19.192,20.147
LMS-SAN,affine,"{""alpha"": 0.0001}",Arsalan,RSS1,20,1100000,,900k,1.1m,2025-05-02,,,,,,18.615,22.002,19.96,16.498,16.51,17.39,19.952,21.581,19.347,18.188,18.868
LMS-SAN,affine,"{""alpha"": 0.00031622776601683794}",Arsalan,RSS1,20,1100000,,900k,1.1m,2025-05-02,,,,,,17.645,19.727,17.632,15.719,15.408,16.992,19.307,21.088,18.896,17.531,17.673
LMS-SAN,affine,"{""alpha"": 0.001}",Arsalan,RSS1,20,1100000,,900k,1.1m,2025-05-02,,,,,,16.708,16.943,15.263,14.702,13.959,16.374,18.557,20.256,18.245,16.533,16.838
LMS-SAN,affine,"{""alpha"": 3.1622776601683795e-05}",Arsalan,RSS1,20,1100000,,900k,1.1m,2025-05-02,,,,,,19.457,23.341,21.607,18.492,18.089,18.304,21.036,22.13,19.866,18.703,19.979
LMS-SAN,affine,"{""alpha"": 0.0031622776601683794}",Arsalan,RSS1,20,1100000,,900k,1.1m,2025-05-02,,,,,,15.716,14.364,13.437,12.589,12.38,15.42,17.46,19.032,17.272,15.368,15.985
LMS-SAN,affine,"{""alpha"": 0.01}",Arsalan,RSS1,20,1100000,,900k,1.1m,2025-05-02,,,,,,15.021,12.021,11.675,10.27,11.085,13.974,16.249,17.623,15.972,14.48,15.404
LMS-SAN,affine,"{""alpha"": 0.03162277660168379}",Arsalan,RSS1,20,1100000,,900k,1.1m,2025-05-02,,,,,,14.252,9.805,9.96,8.309,9.959,12.445,15.292,16.067,14.838,13.515,14.861
LMS-SAN,affine,"{""alpha"": 0.1}",Arsalan,RSS1,20,1100000,,900k,1.1m,2025-05-02,,,,,,13.319,7.965,8.291,6.887,9.378,11.63,14.866,14.653,14.544,12.626,14.02
LMS-SAN,affine,"{""alpha"": 3.1622776601683795}",Arsalan,RSS1,20,1100000,,900k,1.1m,2025-05-02,,,,,,nan,nan,nan,nan,nan,nan,nan,nan,nan,nan,nan
LMS-EAN,affine,"{""alpha"": 1e-08, ""tau"": 100}",Arsalan,RSS1,20,1100000,,900k,1.1m,2025-05-02,,,,,,21.174,24.443,23.091,21.779,22.749,23.973,26.568,26.057,23.039,20.817,21.475
LMS-SAN,affine,"{""alpha"": 1.0}",Arsalan,RSS1,20,1100000,,900k,1.1m,2025-05-02,,,,,,nan,inf,inf,nan,nan,nan,nan,nan,nan,nan,nan
LMS-SAN,affine,"{""alpha"": 0.31622776601683794}",Arsalan,RSS1,20,1100000,,900k,1.1m,2025-05-02,,,,,,inf,6.934,6.853,6.132,inf,inf,inf,inf,inf,inf,inf
LMS-EAN,affine,"{""alpha"": 3.162277660168379e-08, ""tau"": 100}",Arsalan,RSS1,20,1100000,,900k,1.1m,2025-05-02,,,,,,21.16,24.442,23.087,21.773,22.741,23.963,26.556,26.043,23.024,20.802,21.461
LMS-EAN,affine,"{""alpha"": 1e-07, ""tau"": 100}",Arsalan,RSS1,20,1100000,,900k,1.1m,2025-05-02,,,,,,21.115,24.437,23.076,21.754,22.715,23.932,26.518,25.998,22.976,20.756,21.417
LMS-EAN,affine,"{""alpha"": 3.162277660168379e-07, ""tau"": 100}",Arsalan,RSS1,20,1100000,,900k,1.1m,2025-05-02,,,,,,20.975,24.425,23.039,21.695,22.634,23.833,26.401,25.856,22.824,20.61,21.281
LMS-EAN,affine,"{""alpha"": 1e-06, ""tau"": 100}",Arsalan,RSS1,20,1100000,,900k,1.1m,2025-05-02,,,,,,20.55,24.385,22.923,21.511,22.381,23.524,26.035,25.414,22.355,20.166,20.868
LMS-EAN,affine,"{""alpha"": 3.162277660168379e-06, ""tau"": 100}",Arsalan,RSS1,20,1100000,,900k,1.1m,2025-05-02,,,,,,19.372,24.258,22.562,20.94,21.604,22.588,24.935,24.1,20.983,18.91,19.735
LMS-EAN,affine,"{""alpha"": 1e-05, ""tau"": 100}",Arsalan,RSS1,20,1100000,,900k,1.1m,2025-05-02,,,,,,16.968,23.868,21.469,19.266,19.382,20.001,21.993,20.663,17.623,16.196,17.508
LMS-EAN,affine,"{""alpha"": 3.1622776601683795e-05, ""tau"": 100}",Arsalan,RSS1,20,1100000,,900k,1.1m,2025-05-02,,,,,,15.197,22.716,18.468,15.092,14.311,14.722,16.507,14.703,13.13,13.999,15.923
LMS-EAN,affine,"{""alpha"": 0.0001, ""tau"": 100}",Arsalan,RSS1,20,1100000,,900k,1.1m,2025-05-02,,,,,,13.634,19.768,12.424,9.145,8.819,10.354,12.425,10.839,11.751,13.252,13.782
LMS-EAN,affine,"{""alpha"": 0.00031622776601683794, ""tau"": 100}",Arsalan,RSS1,20,1100000,,900k,1.1m,2025-05-02,,,,,,10.932,14.716,7.813,7.185,7.627,9.035,10.847,9.476,10.808,10.808,11.019
LMS-EAN,affine,"{""alpha"": 0.001, ""tau"": 100}",Arsalan,RSS1,20,1100000,,900k,1.1m,2025-05-02,,,,,,9.893,10.592,6.943,6.27,6.973,8.415,10.119,8.845,10.004,9.545,10.168
LMS-EAN,affine,"{""alpha"": 0.0031622776601683794, ""tau"": 100}",Arsalan,RSS1,20,1100000,,900k,1.1m,2025-05-02,,,,,,9.504,8.512,6.562,5.777,6.573,8.103,9.747,8.543,9.623,9.1,9.823
LMS-EAN,affine,"{""alpha"": 0.03162277660168379, ""tau"": 100}",Arsalan,RSS1,20,1100000,,900k,1.1m,2025-05-02,,,,,,8.85,7.064,6.152,5.238,6.174,7.663,9.086,7.948,8.974,8.486,9.144
LMS-EAN,affine,"{""alpha"": 0.01, ""tau"": 100}",Arsalan,RSS1,20,1100000,,900k,1.1m,2025-05-02,,,,,,9.247,7.595,6.367,5.535,6.383,7.902,9.495,8.296,9.374,8.846,9.57
LMS-EAN,affine,"{""alpha"": 0.1, ""tau"": 100}",Arsalan,RSS1,20,1100000,,900k,1.1m,2025-05-02,,,,,,8.118,6.515,5.796,4.725,5.804,7.213,8.321,7.346,8.254,7.817,8.344
LMS-EAN,affine,"{""alpha"": 0.31622776601683794, ""tau"": 100}",Arsalan,RSS1,20,1100000,,900k,1.1m,2025-05-02,,,,,,7.198,5.957,5.414,4.13,5.313,6.654,7.396,6.545,7.374,6.963,7.336
LMS-EAN,affine,"{""alpha"": 1.0, ""tau"": 100}",Arsalan,RSS1,20,1100000,,900k,1.1m,2025-05-02,,,,,,7.513,6.463,6.043,4.238,5.665,7.222,7.761,6.713,7.734,7.228,7.649
LMS-EAN,affine,"{""alpha"": 1e-08, ""tau"": 1000}",Arsalan,RSS1,20,1100000,,900k,1.1m,2025-05-02,,,,,,21.175,24.443,23.091,21.779,22.75,23.974,26.569,26.058,23.041,20.818,21.476
LMS-EAN,affine,"{""alpha"": 3.162277660168379e-08, ""tau"": 1000}",Arsalan,RSS1,20,1100000,,900k,1.1m,2025-05-02,,,,,,21.165,24.442,23.088,21.774,22.742,23.965,26.558,26.046,23.028,20.807,21.466
LMS-EAN,affine,"{""alpha"": 3.1622776601683795, ""tau"": 100}",Arsalan,RSS1,20,1100000,,900k,1.1m,2025-05-02,,,,,,nan,nan,nan,nan,nan,nan,nan,nan,nan,nan,nan
LMS-EAN,affine,"{""alpha"": 1e-07, ""tau"": 1000}",Arsalan,RSS1,20,1100000,,900k,1.1m,2025-05-02,,,,,,21.131,24.438,23.077,21.757,22.719,23.936,26.526,26.006,22.989,20.771,21.434
LMS-EAN,affine,"{""alpha"": 3.162277660168379e-07, ""tau"": 1000}",Arsalan,RSS1,20,1100000,,900k,1.1m,2025-05-02,,,,,,21.025,24.427,23.044,21.705,22.646,23.847,26.426,25.883,22.867,20.658,21.333
LMS-EAN,affine,"{""alpha"": 1e-06, ""tau"": 1000}",Arsalan,RSS1,20,1100000,,900k,1.1m,2025-05-02,,,,,,20.708,24.392,22.939,21.541,22.416,23.57,26.114,25.5,22.492,20.317,21.032
LMS-EAN,affine,"{""alpha"": 3.162277660168379e-06, ""tau"": 1000}",Arsalan,RSS1,20,1100000,,900k,1.1m,2025-05-02,,,,,,19.849,24.281,22.612,21.037,21.715,22.731,25.187,24.369,21.413,19.377,20.227
LMS-EAN,affine,"{""alpha"": 1e-05, ""tau"": 1000}",Arsalan,RSS1,20,1100000,,900k,1.1m,2025-05-02,,,,,,18.24,23.938,21.626,19.568,19.724,20.442,22.777,21.48,18.91,17.513,18.78
LMS-EAN,affine,"{""alpha"": 3.1622776601683795e-05, ""tau"": 1000}",Arsalan,RSS1,20,1100000,,900k,1.1m,2025-05-02,,,,,,17.333,22.929,18.945,16.022,15.284,15.962,18.705,16.826,16.066,16.383,17.982
LMS-EAN,affine,"{""alpha"": 0.00031622776601683794, ""tau"": 1000}",Arsalan,RSS1,20,1100000,,900k,1.1m,2025-05-02,,,,,,13.875,16.155,10.056,10.213,9.816,11.686,14.981,13.481,14.421,13.475,14.274
LMS-EAN,affine,"{""alpha"": 0.0001, ""tau"": 1000}",Arsalan,RSS1,20,1100000,,900k,1.1m,2025-05-02,,,,,,16.034,20.38,13.738,11.493,10.759,12.642,16.211,14.268,15.279,15.632,16.327
LMS-EAN,affine,"{""alpha"": 0.0031622776601683794, ""tau"": 1000}",Arsalan,RSS1,20,1100000,,900k,1.1m,2025-05-02,,,,,,12.458,11.213,8.816,8.932,8.75,10.714,13.573,12.217,13.145,11.78,13.068
LMS-EAN,affine,"{""alpha"": 0.001, ""tau"": 1000}",Arsalan,RSS1,20,1100000,,900k,1.1m,2025-05-02,,,,,,13.04,12.91,9.333,9.532,9.264,11.179,14.213,12.813,13.713,12.388,13.63
LMS-EAN,affine,"{""alpha"": 0.01, ""tau"": 1000}",Arsalan,RSS1,20,1100000,,900k,1.1m,2025-05-02,,,,,,11.674,9.897,8.117,8.138,8.155,10.015,12.688,11.26,12.287,11.088,12.215
LMS-EAN,affine,"{""alpha"": 0.1, ""tau"": 1000}",Arsalan,RSS1,20,1100000,,900k,1.1m,2025-05-02,,,,,,8.76,7.317,6.233,5.588,6.362,7.893,9.254,8.309,9.382,8.479,9.009
LMS-EAN,affine,"{""alpha"": 0.03162277660168379, ""tau"": 1000}",Arsalan,RSS1,20,1100000,,900k,1.1m,2025-05-02,,,,,,10.396,8.565,7.203,6.958,7.342,9.022,11.175,9.871,10.984,9.955,10.811
LMS-EAN,affine,"{""alpha"": 0.31622776601683794, ""tau"": 1000}",Arsalan,RSS1,20,1100000,,900k,1.1m,2025-05-02,,,,,,7.297,6.355,5.498,4.525,5.52,6.963,7.693,6.853,7.917,7.095,7.431
LMS-EAN,affine,"{""alpha"": 1.0, ""tau"": 1000}",Arsalan,RSS1,20,1100000,,900k,1.1m,2025-05-02,,,,,,7.477,6.736,6.018,4.52,5.784,7.504,7.924,6.707,8.047,7.251,7.583
LMS-EAN,affine,"{""alpha"": 3.1622776601683795, ""tau"": 1000}",Arsalan,RSS1,20,1100000,,900k,1.1m,2025-05-02,,,,,,nan,nan,nan,nan,nan,nan,nan,nan,nan,nan,nan
LMS-MDN,affine,"{""alpha"": 1e-08, ""theta"": 0.0001, ""eta0"": 0.001}",Arsalan,RSS1,20,1100000,,900k,1.1m,2025-05-02,,,,,,21.173,24.443,23.091,21.779,22.749,23.973,26.568,26.057,23.039,20.816,21.474
LMS-MDN,affine,"{""alpha"": 3.162277660168379e-08, ""theta"": 0.0001, ""eta0"": 0.001}",Arsalan,RSS1,20,1100000,,900k,1.1m,2025-05-02,,,,,,21.157,24.441,23.087,21.773,22.741,23.963,26.555,26.043,23.023,20.8,21.459
LMS-MDN,affine,"{""alpha"": 3.162277660168379e-07, ""theta"": 0.0001, ""eta0"": 0.001}",Arsalan,RSS1,20,1100000,,900k,1.1m,2025-05-02,,,,,,20.953,24.425,23.039,21.695,22.634,23.831,26.395,25.853,22.811,20.59,21.258
LMS-MDN,affine,"{""alpha"": 1e-07, ""theta"": 0.0001, ""eta0"": 0.001}",Arsalan,RSS1,20,1100000,,900k,1.1m,2025-05-02,,,,,,21.108,24.437,23.076,21.754,22.715,23.931,26.517,25.997,22.972,20.749,21.41
LMS-MDN,affine,"{""alpha"": 1e-06, ""theta"": 0.0001, ""eta0"": 0.001}",Arsalan,RSS1,20,1100000,,900k,1.1m,2025-05-02,,,,,,20.481,24.384,22.922,21.51,22.379,23.518,26.015,25.405,22.313,20.102,20.795
LMS-MDN,affine,"{""alpha"": 3.162277660168379e-06, ""theta"": 0.0001, ""eta0"": 0.001}",Arsalan,RSS1,20,1100000,,900k,1.1m,2025-05-02,,,,,,19.144,24.257,22.56,20.938,21.596,22.564,24.868,24.063,20.843,18.697,19.497
LMS-MDN,affine,"{""alpha"": 1e-05, ""theta"": 0.0001, ""eta0"": 0.001}",Arsalan,RSS1,20,1100000,,900k,1.1m,2025-05-02,,,,,,16.22,23.865,21.459,19.247,19.339,19.896,21.736,20.494,17.109,15.469,16.746
LMS-MDN,affine,"{""alpha"": 3.1622776601683795e-05, ""theta"": 0.0001, ""eta0"": 0.001}",Arsalan,RSS1,20,1100000,,900k,1.1m,2025-05-02,,,,,,13.529,22.699,18.401,14.945,14.021,14.193,15.485,13.943,11.43,12.236,14.289
LMS-MDN,affine,"{""alpha"": 0.0001, ""theta"": 0.0001, ""eta0"": 0.001}",Arsalan,RSS1,20,1100000,,900k,1.1m,2025-05-02,,,,,,11.597,19.678,11.982,8.332,7.549,8.767,9.988,9.038,9.135,11.247,11.667
LMS-MDN,affine,"{""alpha"": 0.00031622776601683794, ""theta"": 0.0001, ""eta0"": 0.001}",Arsalan,RSS1,20,1100000,,900k,1.1m,2025-05-02,,,,,,8.127,14.299,6.373,5.892,5.823,6.821,7.649,6.884,7.823,8.277,7.963
LMS-MDN,affine,"{""alpha"": 0.001, ""theta"": 0.0001, ""eta0"": 0.001}",Arsalan,RSS1,20,1100000,,900k,1.1m,2025-05-02,,,,,,6.597,9.552,5.213,4.719,4.935,5.826,6.639,6.011,6.709,6.448,6.683
LMS-MDN,affine,"{""alpha"": 0.0031622776601683794, ""theta"": 0.0001, ""eta0"": 0.001}",Arsalan,RSS1,20,1100000,,900k,1.1m,2025-05-02,,,,,,6.109,6.917,4.721,4.008,4.376,5.375,6.232,5.685,6.236,5.856,6.269
LMS-MDN,affine,"{""alpha"": 0.01, ""theta"": 0.0001, ""eta0"": 0.001}",Arsalan,RSS1,20,1100000,,900k,1.1m,2025-05-02,,,,,,5.945,5.746,4.508,3.724,4.165,5.187,6.064,5.536,6.071,5.655,6.14
LMS-MDN,affine,"{""alpha"": 0.03162277660168379, ""theta"": 0.0001, ""eta0"": 0.001}",Arsalan,RSS1,20,1100000,,900k,1.1m,2025-05-02,,,,,,5.889,5.298,4.399,3.58,4.066,5.108,5.992,5.458,6.006,5.588,6.094
LMS-MDN,affine,"{""alpha"": 0.1, ""theta"": 0.0001, ""eta0"": 0.001}",Arsalan,RSS1,20,1100000,,900k,1.1m,2025-05-02,,,,,,5.894,5.105,4.333,3.453,4.001,5.075,5.964,5.4,5.985,5.584,6.101
LMS-MDN,affine,"{""alpha"": 0.31622776601683794, ""theta"": 0.0001, ""eta0"": 0.001}",Arsalan,RSS1,20,1100000,,900k,1.1m,2025-05-02,,,,,,6.074,5.075,4.386,3.381,4.019,5.169,6.073,5.414,6.099,5.743,6.289
LMS-MDN,affine,"{""alpha"": 1.0, ""theta"": 0.0001, ""eta0"": 0.001}",Arsalan,RSS1,20,1100000,,900k,1.1m,2025-05-02,,,,,,7.504,6.033,5.386,3.929,4.835,6.343,7.358,6.41,7.406,7.05,7.788
LMS-MDN,affine,"{""alpha"": 3.1622776601683795, ""theta"": 0.0001, ""eta0"": 0.001}",Arsalan,RSS1,20,1100000,,900k,1.1m,2025-05-02,,,,,,nan,nan,nan,nan,nan,nan,nan,nan,nan,nan,nan
LMS-MDN,affine,"{""alpha"": 1e-08, ""theta"": 0.001, ""eta0"": 0.001}",Arsalan,RSS1,20,1100000,,900k,1.1m,2025-05-02,,,,,,21.173,24.443,23.091,21.779,22.749,23.973,26.568,26.057,23.039,20.816,21.474
LMS-MDN,affine,"{""alpha"": 1e-07, ""theta"": 0.001, ""eta0"": 0.001}",Arsalan,RSS1,20,1100000,,900k,1.1m,2025-05-02,,,,,,21.108,24.437,23.075,21.754,22.715,23.931,26.517,25.997,22.971,20.749,21.41
LMS-MDN,affine,"{""alpha"": 3.162277660168379e-08, ""theta"": 0.001, ""eta0"": 0.001}",Arsalan,RSS1,20,1100000,,900k,1.1m,2025-05-02,,,,,,21.157,24.441,23.087,21.773,22.741,23.963,26.555,26.043,23.023,20.8,21.459
LMS-MDN,affine,"{""alpha"": 3.162277660168379e-07, ""theta"": 0.001, ""eta0"": 0.001}",Arsalan,RSS1,20,1100000,,900k,1.1m,2025-05-02,,,,,,20.953,24.425,23.039,21.695,22.634,23.831,26.395,25.853,22.811,20.59,21.257
LMS-MDN,affine,"{""alpha"": 1e-06, ""theta"": 0.001, ""eta0"": 0.001}",Arsalan,RSS1,20,1100000,,900k,1.1m,2025-05-02,,,,,,20.479,24.384,22.922,21.51,22.379,23.518,26.015,25.404,22.313,20.101,20.793
LMS-MDN,affine,"{""alpha"": 3.162277660168379e-06, ""theta"": 0.001, ""eta0"": 0.001}",Arsalan,RSS1,20,1100000,,900k,1.1m,2025-05-02,,,,,,19.138,24.257,22.559,20.938,21.598,22.564,24.867,24.061,20.84,18.693,19.49
LMS-MDN,affine,"{""alpha"": 1e-05, ""theta"": 0.001, ""eta0"": 0.001}",Arsalan,RSS1,20,1100000,,900k,1.1m,2025-05-02,,,,,,16.199,23.862,21.457,19.248,19.342,19.896,21.732,20.485,17.096,15.455,16.723
LMS-MDN,affine,"{""alpha"": 3.1622776601683795e-05, ""theta"": 0.001, ""eta0"": 0.001}",Arsalan,RSS1,20,1100000,,900k,1.1m,2025-05-02,,,,,,13.475,22.693,18.395,14.945,14.024,14.187,15.462,13.907,11.377,12.194,14.231
LMS-MDN,affine,"{""alpha"": 0.0001, ""theta"": 0.001, ""eta0"": 0.001}",Arsalan,RSS1,20,1100000,,900k,1.1m,2025-05-02,,,,,,11.526,19.658,11.956,8.324,7.539,8.738,9.922,8.96,9.04,11.194,11.589
LMS-MDN,affine,"{""alpha"": 0.00031622776601683794, ""theta"": 0.001, ""eta0"": 0.001}",Arsalan,RSS1,20,1100000,,900k,1.1m,2025-05-02,,,,,,8.025,14.243,6.301,5.879,5.806,6.776,7.552,6.771,7.706,8.204,7.846
LMS-MDN,affine,"{""alpha"": 0.001, ""theta"": 0.001, ""eta0"": 0.001}",Arsalan,RSS1,20,1100000,,900k,1.1m,2025-05-02,,,,,,6.463,9.431,5.121,4.703,4.919,5.768,6.52,5.88,6.573,6.349,6.534
LMS-MDN,affine,"{""alpha"": 0.0031622776601683794, ""theta"": 0.001, ""eta0"": 0.001}",Arsalan,RSS1,20,1100000,,900k,1.1m,2025-05-02,,,,,,5.961,6.716,4.617,3.984,4.357,5.31,6.106,5.549,6.09,5.745,6.107
LMS-MDN,affine,"{""alpha"": 0.01, ""theta"": 0.001, ""eta0"": 0.001}",Arsalan,RSS1,20,1100000,,900k,1.1m,2025-05-02,,,,,,5.791,5.482,4.401,3.696,4.143,5.119,5.937,5.398,5.921,5.539,5.971
LMS-MDN,affine,"{""alpha"": 0.03162277660168379, ""theta"": 0.001, ""eta0"": 0.001}",Arsalan,RSS1,20,1100000,,900k,1.1m,2025-05-02,,,,,,5.731,5.005,4.292,3.553,4.042,5.04,5.861,5.319,5.858,5.471,5.919
LMS-MDN,affine,"{""alpha"": 0.1, ""theta"": 0.001, ""eta0"": 0.001}",Arsalan,RSS1,20,1100000,,900k,1.1m,2025-05-02,,,,,,5.728,4.823,4.227,3.431,3.979,5.006,5.826,5.26,5.842,5.462,5.917
LMS-MDN,affine,"{""alpha"": 0.31622776601683794, ""theta"": 0.001, ""eta0"": 0.001}",Arsalan,RSS1,20,1100000,,900k,1.1m,2025-05-02,,,,,,5.885,4.833,4.276,3.361,4.0,5.099,5.921,5.27,5.968,5.604,6.078
LMS-MDN,affine,"{""alpha"": 1.0, ""theta"": 0.001, ""eta0"": 0.001}",Arsalan,RSS1,20,1100000,,900k,1.1m,2025-05-02,,,,,,7.241,5.84,5.234,3.904,4.82,6.268,7.158,6.243,7.287,6.865,7.483
LMS-MDN,affine,"{""alpha"": 3.1622776601683795, ""theta"": 0.001, ""eta0"": 0.001}",Arsalan,RSS1,20,1100000,,900k,1.1m,2025-05-02,,,,,,nan,nan,nan,nan,nan,nan,nan,nan,nan,nan,nan
LMS-MDN,affine,"{""alpha"": 1e-08, ""theta"": 0.01, ""eta0"": 0.001}",Arsalan,RSS1,20,1100000,,900k,1.1m,2025-05-02,,,,,,21.174,24.443,23.091,21.779,22.749,23.974,26.568,26.058,23.04,20.818,21.475
LMS-MDN,affine,"{""alpha"": 3.162277660168379e-08, ""theta"": 0.01, ""eta0"": 0.001}",Arsalan,RSS1,20,1100000,,900k,1.1m,2025-05-02,,,,,,21.161,24.442,23.087,21.773,22.742,23.964,26.557,26.046,23.027,20.804,21.462
LMS-MDN,affine,"{""alpha"": 1e-07, ""theta"": 0.01, ""eta0"": 0.001}",Arsalan,RSS1,20,1100000,,900k,1.1m,2025-05-02,,,,,,21.12,24.438,23.076,21.755,22.717,23.935,26.522,26.006,22.984,20.763,21.422
LMS-MDN,affine,"{""alpha"": 3.162277660168379e-07, ""theta"": 0.01, ""eta0"": 0.001}",Arsalan,RSS1,20,1100000,,900k,1.1m,2025-05-02,,,,,,20.992,24.425,23.041,21.7,22.641,23.844,26.412,25.881,22.851,20.632,21.295
LMS-MDN,affine,"{""alpha"": 1e-06, ""theta"": 0.01, ""eta0"": 0.001}",Arsalan,RSS1,20,1100000,,900k,1.1m,2025-05-02,,,,,,20.601,24.387,22.931,21.525,22.4,23.557,26.07,25.493,22.438,20.231,20.91
LMS-MDN,affine,"{""alpha"": 3.162277660168379e-06, ""theta"": 0.01, ""eta0"": 0.001}",Arsalan,RSS1,20,1100000,,900k,1.1m,2025-05-02,,,,,,19.505,24.266,22.586,20.983,21.661,22.685,25.037,24.335,21.229,19.09,19.837
LMS-MDN,affine,"{""alpha"": 1e-05, ""theta"": 0.01, ""eta0"": 0.001}",Arsalan,RSS1,20,1100000,,900k,1.1m,2025-05-02,,,,,,17.179,23.889,21.538,19.379,19.525,20.25,22.226,21.294,18.252,16.57,17.618
LMS-MDN,affine,"{""alpha"": 3.1622776601683795e-05, ""theta"": 0.01, ""eta0"": 0.001}",Arsalan,RSS1,20,1100000,,900k,1.1m,2025-05-02,,,,,,15.266,22.771,18.614,15.271,14.451,15.097,16.714,15.995,14.241,14.401,15.795
LMS-MDN,affine,"{""alpha"": 0.00031622776601683794, ""theta"": 0.01, ""eta0"": 0.001}",Arsalan,RSS1,20,1100000,,900k,1.1m,2025-05-02,,,,,,11.502,14.547,6.783,6.413,6.528,9.198,10.628,11.301,12.286,11.79,11.306
LMS-MDN,affine,"{""alpha"": 0.0001, ""theta"": 0.01, ""eta0"": 0.001}",Arsalan,RSS1,20,1100000,,900k,1.1m,2025-05-02,,,,,,13.95,19.85,12.394,8.836,8.173,10.498,12.256,12.639,13.125,13.935,13.862
LMS-MDN,affine,"{""alpha"": 0.001, ""theta"": 0.01, ""eta0"": 0.001}",Arsalan,RSS1,20,1100000,,900k,1.1m,2025-05-02,,,,,,10.588,9.751,5.663,5.392,5.81,8.556,9.962,10.774,11.636,10.659,10.579
LMS-MDN,affine,"{""alpha"": 0.0031622776601683794, ""theta"": 0.01, ""eta0"": 0.001}",Arsalan,RSS1,20,1100000,,900k,1.1m,2025-05-02,,,,,,10.33,7.071,5.211,4.792,5.365,8.26,9.712,10.599,11.387,10.361,10.35
LMS-MDN,affine,"{""alpha"": 0.01, ""theta"": 0.01, ""eta0"": 0.001}",Arsalan,RSS1,20,1100000,,900k,1.1m,2025-05-02,,,,,,10.257,5.861,5.015,4.56,5.199,8.145,9.62,10.536,11.315,10.283,10.286
LMS-MDN,affine,"{""alpha"": 0.03162277660168379, ""theta"": 0.01, ""eta0"": 0.001}",Arsalan,RSS1,20,1100000,,900k,1.1m,2025-05-02,,,,,,10.268,5.391,4.92,4.447,5.123,8.115,9.6,10.539,11.328,10.298,10.296
LMS-MDN,affine,"{""alpha"": 0.1, ""theta"": 0.01, ""eta0"": 0.001}",Arsalan,RSS1,20,1100000,,900k,1.1m,2025-05-02,,,,,,10.393,5.216,4.867,4.364,5.088,8.165,9.672,10.648,11.466,10.427,10.417
LMS-MDN,affine,"{""alpha"": 0.31622776601683794, ""theta"": 0.01, ""eta0"": 0.001}",Arsalan,RSS1,20,1100000,,900k,1.1m,2025-05-02,,,,,,10.908,5.23,4.931,4.364,5.177,8.494,10.062,11.122,12.032,10.948,10.929
LMS-MDN,affine,"{""alpha"": 1.0, ""theta"": 0.01, ""eta0"": 0.001}",Arsalan,RSS1,20,1100000,,900k,1.1m,2025-05-02,,,,,,13.74,6.181,5.916,5.116,6.223,10.627,12.532,13.893,15.139,13.785,13.772
LMS-MDN,affine,"{""alpha"": 3.1622776601683795, ""theta"": 0.01, ""eta0"": 0.001}",Arsalan,RSS1,20,1100000,,900k,1.1m,2025-05-02,,,,,,nan,nan,nan,nan,nan,nan,nan,nan,nan,nan,nan
LMS-MDNa,affine,"{""alpha"": 1e-08, ""theta"": 0.001, ""eta0"": 0.001}",Arsalan,RSS1,20,1100000,,900k,1.1m,2025-05-02,,,,,,21.173,24.443,23.091,21.779,22.749,23.973,26.568,26.057,23.039,20.816,21.474
LMS-MDNa,affine,"{""alpha"": 3.162277660168379e-08, ""theta"": 0.001, ""eta0"": 0.001}",Arsalan,RSS1,20,1100000,,900k,1.1m,2025-05-02,,,,,,21.157,24.442,23.087,21.773,22.741,23.963,26.555,26.043,23.023,20.8,21.459
LMS-MDNa,affine,"{""alpha"": 1e-07, ""theta"": 0.001, ""eta0"": 0.001}",Arsalan,RSS1,20,1100000,,900k,1.1m,2025-05-02,,,,,,21.108,24.438,23.076,21.754,22.715,23.932,26.517,25.997,22.972,20.75,21.41
LMS-MDNa,affine,"{""alpha"": 3.162277660168379e-07, ""theta"": 0.001, ""eta0"": 0.001}",Arsalan,RSS1,20,1100000,,900k,1.1m,2025-05-02,,,,,,20.954,24.425,23.039,21.696,22.634,23.832,26.395,25.854,22.812,20.591,21.258
LMS-MDNa,affine,"{""alpha"": 1e-06, ""theta"": 0.001, ""eta0"": 0.001}",Arsalan,RSS1,20,1100000,,900k,1.1m,2025-05-02,,,,,,20.482,24.386,22.924,21.512,22.381,23.52,26.017,25.408,22.316,20.103,20.795
LMS-MDNa,affine,"{""alpha"": 3.162277660168379e-06, ""theta"": 0.001, ""eta0"": 0.001}",Arsalan,RSS1,20,1100000,,900k,1.1m,2025-05-02,,,,,,19.146,24.262,22.564,20.943,21.601,22.571,24.874,24.074,20.852,18.702,19.498
LMS-MDNa,affine,"{""alpha"": 1e-05, ""theta"": 0.001, ""eta0"": 0.001}",Arsalan,RSS1,20,1100000,,900k,1.1m,2025-05-02,,,,,,16.224,23.879,21.473,19.264,19.352,19.916,21.752,20.529,17.134,15.48,16.744
LMS-MDNa,affine,"{""alpha"": 3.1622776601683795e-05, ""theta"": 0.001, ""eta0"": 0.001}",Arsalan,RSS1,20,1100000,,900k,1.1m,2025-05-02,,,,,,13.521,22.743,18.44,14.992,14.051,14.25,15.52,14.037,11.491,12.243,14.271
LMS-MDNa,affine,"{""alpha"": 0.0001, ""theta"": 0.001, ""eta0"": 0.001}",Arsalan,RSS1,20,1100000,,900k,1.1m,2025-05-02,,,,,,11.588,19.799,12.068,8.444,7.596,8.892,10.038,9.22,9.217,11.252,11.647
LMS-MDNa,affine,"{""alpha"": 0.00031622776601683794, ""theta"": 0.001, ""eta0"": 0.001}",Arsalan,RSS1,20,1100000,,900k,1.1m,2025-05-02,,,,,,8.131,14.574,6.489,6.05,5.877,7.005,7.711,7.129,7.921,8.301,7.946
LMS-MDNa,affine,"{""alpha"": 0.001, ""theta"": 0.001, ""eta0"": 0.001}",Arsalan,RSS1,20,1100000,,900k,1.1m,2025-05-02,,,,,,6.603,10.053,5.349,4.915,5.003,6.046,6.712,6.287,6.834,6.487,6.66
LMS-MDNa,affine,"{""alpha"": 0.0031622776601683794, ""theta"": 0.001, ""eta0"": 0.001}",Arsalan,RSS1,20,1100000,,900k,1.1m,2025-05-02,,,,,,6.114,7.676,4.861,4.225,4.451,5.604,6.311,5.97,6.366,5.898,6.244
LMS-MDNa,affine,"{""alpha"": 0.03162277660168379, ""theta"": 0.001, ""eta0"": 0.001}",Arsalan,RSS1,20,1100000,,900k,1.1m,2025-05-02,,,,,,5.875,5.979,4.439,3.73,4.124,5.28,6.06,5.675,6.1,5.61,6.054
LMS-MDNa,affine,"{""alpha"": 0.01, ""theta"": 0.001, ""eta0"": 0.001}",Arsalan,RSS1,20,1100000,,900k,1.1m,2025-05-02,,,,,,5.942,6.59,4.609,3.928,4.236,5.397,6.143,5.802,6.189,5.689,6.108
LMS-MDNa,affine,"{""alpha"": 0.1, ""theta"": 0.001, ""eta0"": 0.001}",Arsalan,RSS1,20,1100000,,900k,1.1m,2025-05-02,,,,,,5.867,5.529,4.312,3.528,4.041,5.177,6.006,5.547,6.041,5.591,6.05
LMS-MDNa,affine,"{""alpha"": 0.31622776601683794, ""theta"": 0.001, ""eta0"": 0.001}",Arsalan,RSS1,20,1100000,,900k,1.1m,2025-05-02,,,,,,6.035,5.227,4.326,3.385,4.044,5.19,6.068,5.502,6.097,5.738,6.222
LMS-MDNa,affine,"{""alpha"": 1.0, ""theta"": 0.001, ""eta0"": 0.001}",Arsalan,RSS1,20,1100000,,900k,1.1m,2025-05-02,,,,,,7.442,5.926,5.295,3.87,4.855,6.308,7.28,6.442,7.324,7.032,7.683
LMS-MDNa,affine,"{""alpha"": 3.1622776601683795, ""theta"": 0.001, ""eta0"": 0.001}",Arsalan,RSS1,20,1100000,,900k,1.1m,2025-05-02,,,,,,nan,nan,nan,nan,nan,nan,nan,nan,nan,nan,nan
LMS-MDNa,affine,"{""alpha"": 1e-08, ""theta"": 0.01, ""eta0"": 0.001}",Arsalan,RSS1,20,1100000,,900k,1.1m,2025-05-02,,,,,,21.173,24.443,23.091,21.779,22.749,23.973,26.568,26.057,23.039,20.816,21.474
LMS-MDNa,affine,"{""alpha"": 3.162277660168379e-08, ""theta"": 0.01, ""eta0"": 0.001}",Arsalan,RSS1,20,1100000,,900k,1.1m,2025-05-02,,,,,,21.157,24.441,23.087,21.773,22.741,23.963,26.555,26.043,23.023,20.8,21.458
LMS-MDNa,affine,"{""alpha"": 1e-07, ""theta"": 0.01, ""eta0"": 0.001}",Arsalan,RSS1,20,1100000,,900k,1.1m,2025-05-02,,,,,,21.108,24.437,23.075,21.754,22.715,23.931,26.516,25.997,22.971,20.749,21.41
LMS-MDNa,affine,"{""alpha"": 3.162277660168379e-07, ""theta"": 0.01, ""eta0"": 0.001}",Arsalan,RSS1,20,1100000,,900k,1.1m,2025-05-02,,,,,,20.952,24.425,23.039,21.695,22.634,23.831,26.394,25.852,22.81,20.589,21.257
LMS-MDNa,affine,"{""alpha"": 1e-06, ""theta"": 0.01, ""eta0"": 0.001}",Arsalan,RSS1,20,1100000,,900k,1.1m,2025-05-02,,,,,,20.478,24.384,22.922,21.51,22.379,23.517,26.013,25.403,22.311,20.099,20.791
LMS-MDNa,affine,"{""alpha"": 3.162277660168379e-06, ""theta"": 0.01, ""eta0"": 0.001}",Arsalan,RSS1,20,1100000,,900k,1.1m,2025-05-02,,,,,,19.133,24.257,22.559,20.937,21.595,22.561,24.864,24.057,20.835,18.688,19.486
LMS-MDNa,affine,"{""alpha"": 1e-05, ""theta"": 0.01, ""eta0"": 0.001}",Arsalan,RSS1,20,1100000,,900k,1.1m,2025-05-02,,,,,,16.19,23.863,21.456,19.243,19.335,19.888,21.722,20.478,17.084,15.444,16.715
LMS-MDNa,affine,"{""alpha"": 3.1622776601683795e-05, ""theta"": 0.01, ""eta0"": 0.001}",Arsalan,RSS1,20,1100000,,900k,1.1m,2025-05-02,,,,,,13.468,22.695,18.391,14.936,14.009,14.171,15.444,13.899,11.366,12.182,14.228
LMS-MDNa,affine,"{""alpha"": 0.0001, ""theta"": 0.01, ""eta0"": 0.001}",Arsalan,RSS1,20,1100000,,900k,1.1m,2025-05-02,,,,,,11.516,19.666,11.952,8.313,7.524,8.723,9.903,8.96,9.042,11.182,11.581
LMS-MDNa,affine,"{""alpha"": 0.00031622776601683794, ""theta"": 0.01, ""eta0"": 0.001}",Arsalan,RSS1,20,1100000,,900k,1.1m,2025-05-02,,,,,,8.013,14.268,6.303,5.87,5.797,6.764,7.533,6.774,7.709,8.194,7.834
LMS-MDNa,affine,"{""alpha"": 0.001, ""theta"": 0.01, ""eta0"": 0.001}",Arsalan,RSS1,20,1100000,,900k,1.1m,2025-05-02,,,,,,6.453,9.488,5.125,4.693,4.908,5.758,6.501,5.884,6.576,6.343,6.522
LMS-MDNa,affine,"{""alpha"": 0.0031622776601683794, ""theta"": 0.01, ""eta0"": 0.001}",Arsalan,RSS1,20,1100000,,900k,1.1m,2025-05-02,,,,,,5.951,6.81,4.619,3.977,4.346,5.301,6.085,5.553,6.091,5.738,6.095
LMS-MDNa,affine,"{""alpha"": 0.01, ""theta"": 0.01, ""eta0"": 0.001}",Arsalan,RSS1,20,1100000,,900k,1.1m,2025-05-02,,,,,,5.779,5.609,4.392,3.689,4.131,5.107,5.913,5.399,5.918,5.531,5.958
LMS-MDNa,affine,"{""alpha"": 0.03162277660168379, ""theta"": 0.01, ""eta0"": 0.001}",Arsalan,RSS1,20,1100000,,900k,1.1m,2025-05-02,,,,,,5.717,5.137,4.272,3.541,4.03,5.023,5.835,5.311,5.848,5.457,5.905
LMS-MDNa,affine,"{""alpha"": 0.1, ""theta"": 0.01, ""eta0"": 0.001}",Arsalan,RSS1,20,1100000,,900k,1.1m,2025-05-02,,,,,,5.71,4.913,4.2,3.411,3.962,4.985,5.799,5.241,5.826,5.443,5.902
LMS-MDNa,affine,"{""alpha"": 0.31622776601683794, ""theta"": 0.01, ""eta0"": 0.001}",Arsalan,RSS1,20,1100000,,900k,1.1m,2025-05-02,,,,,,5.867,4.869,4.244,3.339,3.981,5.073,5.897,5.242,5.946,5.584,6.064
LMS-MDNa,affine,"{""alpha"": 1.0, ""theta"": 0.01, ""eta0"": 0.001}",Arsalan,RSS1,20,1100000,,900k,1.1m,2025-05-02,,,,,,7.226,5.829,5.203,3.883,4.806,6.239,7.144,6.213,7.264,6.849,7.471
LMS-MDNa,affine,"{""alpha"": 1e-08, ""theta"": 0.1, ""eta0"": 0.001}",Arsalan,RSS1,20,1100000,,900k,1.1m,2025-05-02,,,,,,21.173,24.443,23.091,21.779,22.749,23.973,26.568,26.057,23.039,20.816,21.474
LMS-MDNa,affine,"{""alpha"": 3.1622776601683795, ""theta"": 0.01, ""eta0"": 0.001}",Arsalan,RSS1,20,1100000,,900k,1.1m,2025-05-02,,,,,,nan,nan,nan,nan,nan,nan,nan,nan,nan,nan,nan
LMS-MDNa,affine,"{""alpha"": 3.162277660168379e-08, ""theta"": 0.1, ""eta0"": 0.001}",Arsalan,RSS1,20,1100000,,900k,1.1m,2025-05-02,,,,,,21.157,24.441,23.087,21.773,22.741,23.963,26.556,26.043,23.023,20.8,21.458
LMS-MDNa,affine,"{""alpha"": 1e-07, ""theta"": 0.1, ""eta0"": 0.001}",Arsalan,RSS1,20,1100000,,900k,1.1m,2025-05-02,,,,,,21.108,24.437,23.076,21.754,22.715,23.932,26.517,25.998,22.973,20.75,21.41
LMS-MDNa,affine,"{""alpha"": 3.162277660168379e-07, ""theta"": 0.1, ""eta0"": 0.001}",Arsalan,RSS1,20,1100000,,900k,1.1m,2025-05-02,,,,,,20.953,24.425,23.039,21.695,22.635,23.832,26.397,25.856,22.814,20.592,21.257
LMS-MDNa,affine,"{""alpha"": 1e-06, ""theta"": 0.1, ""eta0"": 0.001}",Arsalan,RSS1,20,1100000,,900k,1.1m,2025-05-02,,,,,,20.481,24.384,22.923,21.511,22.382,23.522,26.022,25.416,22.323,20.108,20.791
LMS-MDNa,affine,"{""alpha"": 3.162277660168379e-06, ""theta"": 0.1, ""eta0"": 0.001}",Arsalan,RSS1,20,1100000,,900k,1.1m,2025-05-02,,,,,,19.142,24.257,22.561,20.94,21.604,22.577,24.89,24.101,20.875,18.715,19.482
LMS-MDNa,affine,"{""alpha"": 1e-05, ""theta"": 0.1, ""eta0"": 0.001}",Arsalan,RSS1,20,1100000,,900k,1.1m,2025-05-02,,,,,,16.201,23.865,21.462,19.252,19.364,19.936,21.805,20.615,17.204,15.514,16.684
LMS-MDNa,affine,"{""alpha"": 3.1622776601683795e-05, ""theta"": 0.1, ""eta0"": 0.001}",Arsalan,RSS1,20,1100000,,900k,1.1m,2025-05-02,,,,,,13.426,22.699,18.411,14.96,14.095,14.314,15.692,14.32,11.664,12.271,14.098
LMS-MDNa,affine,"{""alpha"": 0.0001, ""theta"": 0.1, ""eta0"": 0.001}",Arsalan,RSS1,20,1100000,,900k,1.1m,2025-05-02,,,,,,11.455,19.678,12.006,8.375,7.751,9.049,10.457,9.855,9.409,11.224,11.439
LMS-MDNa,affine,"{""alpha"": 0.00031622776601683794, ""theta"": 0.1, ""eta0"": 0.001}",Arsalan,RSS1,20,1100000,,900k,1.1m,2025-05-02,,,,,,8.064,14.298,6.421,5.962,6.108,7.216,8.336,8.005,8.132,8.317,7.821
LMS-MDNa,affine,"{""alpha"": 0.001, ""theta"": 0.1, ""eta0"": 0.001}",Arsalan,RSS1,20,1100000,,900k,1.1m,2025-05-02,,,,,,6.555,9.541,5.273,4.812,5.287,6.289,7.451,7.281,7.101,6.539,6.55
LMS-MDNa,affine,"{""alpha"": 0.0031622776601683794, ""theta"": 0.1, ""eta0"": 0.001}",Arsalan,RSS1,20,1100000,,900k,1.1m,2025-05-02,,,,,,6.071,6.88,4.792,4.118,4.776,5.877,7.106,7.022,6.665,5.97,6.13
LMS-MDNa,affine,"{""alpha"": 0.01, ""theta"": 0.1, ""eta0"": 0.001}",Arsalan,RSS1,20,1100000,,900k,1.1m,2025-05-02,,,,,,5.905,5.68,4.585,3.841,4.587,5.709,6.968,6.909,6.515,5.776,5.995
LMS-MDNa,affine,"{""alpha"": 0.03162277660168379, ""theta"": 0.1, ""eta0"": 0.001}",Arsalan,RSS1,20,1100000,,900k,1.1m,2025-05-02,,,,,,5.847,5.219,4.482,3.703,4.504,5.645,6.915,6.864,6.464,5.712,5.943
LMS-MDNa,affine,"{""alpha"": 0.1, ""theta"": 0.1, ""eta0"": 0.001}",Arsalan,RSS1,20,1100000,,900k,1.1m,2025-05-02,,,,,,5.843,5.045,4.426,3.587,4.468,5.639,6.919,6.872,6.472,5.71,5.936
LMS-MDNa,affine,"{""alpha"": 0.31622776601683794, ""theta"": 0.1, ""eta0"": 0.001}",Arsalan,RSS1,20,1100000,,900k,1.1m,2025-05-02,,,,,,6.007,5.083,4.499,3.541,4.553,5.8,7.123,7.07,6.663,5.876,6.093
LMS-MDNa,affine,"{""alpha"": 1.0, ""theta"": 0.1, ""eta0"": 0.001}",Arsalan,RSS1,20,1100000,,900k,1.1m,2025-05-02,,,,,,7.402,6.196,5.545,4.17,5.603,7.246,8.854,8.83,8.278,7.254,7.484
LMS-MDNa,affine,"{""alpha"": 3.1622776601683795, ""theta"": 0.1, ""eta0"": 0.001}",Arsalan,RSS1,20,1100000,,900k,1.1m,2025-05-02,,,,,,nan,nan,nan,nan,nan,nan,nan,nan,nan,nan,nan
LMS-MDNPN,affine,"{""alpha"": 1e-08, ""theta"": 0.01, ""eta0"": 0.001}",Arsalan,RSS1,20,1100000,,900k,1.1m,2025-05-02,,,,,,21.173,24.443,23.091,21.779,22.749,23.973,26.568,26.057,23.039,20.816,21.474
LMS-MDNPN,affine,"{""alpha"": 3.162277660168379e-08, ""theta"": 0.01, ""eta0"": 0.001}",Arsalan,RSS1,20,1100000,,900k,1.1m,2025-05-02,,,,,,21.157,24.441,23.087,21.773,22.741,23.963,26.555,26.043,23.023,20.8,21.459
LMS-MDNPN,affine,"{""alpha"": 1e-07, ""theta"": 0.01, ""eta0"": 0.001}",Arsalan,RSS1,20,1100000,,900k,1.1m,2025-05-02,,,,,,21.108,24.437,23.076,21.754,22.715,23.931,26.517,25.997,22.972,20.749,21.41
LMS-MDNPN,affine,"{""alpha"": 3.162277660168379e-07, ""theta"": 0.01, ""eta0"": 0.001}",Arsalan,RSS1,20,1100000,,900k,1.1m,2025-05-02,,,,,,20.953,24.425,23.039,21.695,22.634,23.831,26.395,25.853,22.811,20.59,21.257
LMS-MDNPN,affine,"{""alpha"": 1e-06, ""theta"": 0.01, ""eta0"": 0.001}",Arsalan,RSS1,20,1100000,,900k,1.1m,2025-05-02,,,,,,20.48,24.384,22.922,21.511,22.38,23.518,26.015,25.405,22.313,20.101,20.793
LMS-MDNPN,affine,"{""alpha"": 3.162277660168379e-06, ""theta"": 0.01, ""eta0"": 0.001}",Arsalan,RSS1,20,1100000,,900k,1.1m,2025-05-02,,,,,,19.139,24.257,22.56,20.939,21.599,22.566,24.869,24.063,20.842,18.695,19.491
LMS-MDNPN,affine,"{""alpha"": 1e-05, ""theta"": 0.01, ""eta0"": 0.001}",Arsalan,RSS1,20,1100000,,900k,1.1m,2025-05-02,,,,,,16.2,23.863,21.458,19.25,19.345,19.899,21.735,20.491,17.098,15.458,16.722
LMS-MDNPN,affine,"{""alpha"": 3.1622776601683795e-05, ""theta"": 0.01, ""eta0"": 0.001}",Arsalan,RSS1,20,1100000,,900k,1.1m,2025-05-02,,,,,,13.472,22.694,18.398,14.95,14.03,14.191,15.465,13.915,11.372,12.19,14.229
LMS-MDNPN,affine,"{""alpha"": 0.0001, ""theta"": 0.01, ""eta0"": 0.001}",Arsalan,RSS1,20,1100000,,900k,1.1m,2025-05-02,,,,,,11.528,19.661,11.963,8.328,7.538,8.733,9.92,8.96,9.03,11.192,11.595
LMS-MDNPN,affine,"{""alpha"": 0.00031622776601683794, ""theta"": 0.01, ""eta0"": 0.001}",Arsalan,RSS1,20,1100000,,900k,1.1m,2025-05-02,,,,,,8.024,14.248,6.303,5.88,5.8,6.764,7.546,6.767,7.697,8.203,7.846
LMS-MDNPN,affine,"{""alpha"": 0.001, ""theta"": 0.01, ""eta0"": 0.001}",Arsalan,RSS1,20,1100000,,900k,1.1m,2025-05-02,,,,,,6.458,9.433,5.119,4.706,4.912,5.753,6.51,5.876,6.563,6.345,6.529
LMS-MDNPN,affine,"{""alpha"": 0.0031622776601683794, ""theta"": 0.01, ""eta0"": 0.001}",Arsalan,RSS1,20,1100000,,900k,1.1m,2025-05-02,,,,,,5.954,6.714,4.615,3.989,4.349,5.296,6.093,5.545,6.079,5.737,6.101
LMS-MDNPN,affine,"{""alpha"": 0.01, ""theta"": 0.01, ""eta0"": 0.001}",Arsalan,RSS1,20,1100000,,900k,1.1m,2025-05-02,,,,,,5.783,5.476,4.399,3.703,4.135,5.108,5.923,5.393,5.911,5.531,5.964
LMS-MDNPN,affine,"{""alpha"": 0.03162277660168379, ""theta"": 0.01, ""eta0"": 0.001}",Arsalan,RSS1,20,1100000,,900k,1.1m,2025-05-02,,,,,,5.723,4.996,4.291,3.56,4.039,5.03,5.849,5.315,5.848,5.462,5.912
LMS-MDNPN,affine,"{""alpha"": 0.31622776601683794, ""theta"": 0.01, ""eta0"": 0.001}",Arsalan,RSS1,20,1100000,,900k,1.1m,2025-05-02,,,,,,5.872,4.825,4.275,3.37,4.01,5.092,5.913,5.274,5.96,5.593,6.067
LMS-MDNPN,affine,"{""alpha"": 0.1, ""theta"": 0.01, ""eta0"": 0.001}",Arsalan,RSS1,20,1100000,,900k,1.1m,2025-05-02,,,,,,5.718,4.813,4.227,3.438,3.982,4.999,5.818,5.259,5.834,5.453,5.908
LMS-MDNPN,affine,"{""alpha"": 1.0, ""theta"": 0.01, ""eta0"": 0.001}",Arsalan,RSS1,20,1100000,,900k,1.1m,2025-05-02,,,,,,7.215,5.828,5.224,3.917,4.834,6.255,7.145,6.253,7.277,6.849,7.458
LMS-MDNPN,affine,"{""alpha"": 3.1622776601683795, ""theta"": 0.01, ""eta0"": 0.001}",Arsalan,RSS1,20,1100000,,900k,1.1m,2025-05-02,,,,,,nan,nan,nan,nan,nan,nan,nan,nan,nan,nan,nan
LMS-MDNPN_KC,affine,"{""alpha"": 1e-08, ""theta"": 0.01, ""eta0"": 0.001}",Arsalan,RSS1,20,1100000,,900k,1.1m,2025-05-02,,,,,,21.173,24.443,23.091,21.779,22.749,23.973,26.568,26.057,23.039,20.816,21.474
LMS-MDNPN_KC,affine,"{""alpha"": 3.162277660168379e-08, ""theta"": 0.01, ""eta0"": 0.001}",Arsalan,RSS1,20,1100000,,900k,1.1m,2025-05-02,,,,,,21.157,24.441,23.087,21.773,22.741,23.963,26.555,26.043,23.022,20.8,21.458
LMS-MDNPN_KC,affine,"{""alpha"": 1e-07, ""theta"": 0.01, ""eta0"": 0.001}",Arsalan,RSS1,20,1100000,,900k,1.1m,2025-05-02,,,,,,21.107,24.437,23.075,21.754,22.715,23.931,26.516,25.996,22.971,20.749,21.409
LMS-MDNPN_KC,affine,"{""alpha"": 3.162277660168379e-07, ""theta"": 0.01, ""eta0"": 0.001}",Arsalan,RSS1,20,1100000,,900k,1.1m,2025-05-02,,,,,,20.951,24.424,23.038,21.694,22.633,23.83,26.393,25.851,22.809,20.588,21.256
LMS-MDNPN_KC,affine,"{""alpha"": 1e-06, ""theta"": 0.01, ""eta0"": 0.001}",Arsalan,RSS1,20,1100000,,900k,1.1m,2025-05-02,,,,,,20.474,24.384,22.921,21.508,22.376,23.514,26.01,25.398,22.306,20.095,20.788
LMS-MDNPN_KC,affine,"{""alpha"": 3.162277660168379e-06, ""theta"": 0.01, ""eta0"": 0.001}",Arsalan,RSS1,20,1100000,,900k,1.1m,2025-05-02,,,,,,19.123,24.255,22.555,20.931,21.588,22.553,24.853,24.043,20.823,18.678,19.476
LMS-MDNPN_KC,affine,"{""alpha"": 1e-05, ""theta"": 0.01, ""eta0"": 0.001}",Arsalan,RSS1,20,1100000,,900k,1.1m,2025-05-02,,,,,,16.175,23.858,21.444,19.229,19.316,19.866,21.694,20.443,17.056,15.429,16.7
LMS-MDNPN_KC,affine,"{""alpha"": 3.1622776601683795e-05, ""theta"": 0.01, ""eta0"": 0.001}",Arsalan,RSS1,20,1100000,,900k,1.1m,2025-05-02,,,,,,13.465,22.681,18.362,14.903,13.972,14.133,15.403,13.849,11.338,12.185,14.22
LMS-MDNPN_KC,affine,"{""alpha"": 0.0001, ""theta"": 0.01, ""eta0"": 0.001}",Arsalan,RSS1,20,1100000,,900k,1.1m,2025-05-02,,,,,,11.489,19.632,11.902,8.288,7.503,8.706,9.888,8.928,9.021,11.165,11.549
LMS-MDNPN_KC,affine,"{""alpha"": 0.00031622776601683794, ""theta"": 0.01, ""eta0"": 0.001}",Arsalan,RSS1,20,1100000,,900k,1.1m,2025-05-02,,,,,,7.994,14.214,6.278,5.869,5.789,6.751,7.529,6.751,7.68,8.168,7.821
LMS-MDNPN_KC,affine,"{""alpha"": 0.001, ""theta"": 0.01, ""eta0"": 0.001}",Arsalan,RSS1,20,1100000,,900k,1.1m,2025-05-02,,,,,,6.447,9.428,5.108,4.693,4.9,5.744,6.501,5.866,6.552,6.332,6.52
LMS-MDNPN_KC,affine,"{""alpha"": 0.0031622776601683794, ""theta"": 0.01, ""eta0"": 0.001}",Arsalan,RSS1,20,1100000,,900k,1.1m,2025-05-02,,,,,,5.949,6.739,4.607,3.982,4.341,5.29,6.087,5.538,6.073,5.731,6.096
LMS-MDNPN_KC,affine,"{""alpha"": 0.01, ""theta"": 0.01, ""eta0"": 0.001}",Arsalan,RSS1,20,1100000,,900k,1.1m,2025-05-02,,,,,,5.779,5.523,4.392,3.698,4.128,5.103,5.917,5.386,5.906,5.527,5.961
LMS-MDNPN_KC,affine,"{""alpha"": 0.03162277660168379, ""theta"": 0.01, ""eta0"": 0.001}",Arsalan,RSS1,20,1100000,,900k,1.1m,2025-05-02,,,,,,5.719,5.057,4.284,3.555,4.031,5.025,5.843,5.307,5.844,5.458,5.908
LMS-MDNPN_KC,affine,"{""alpha"": 0.1, ""theta"": 0.01, ""eta0"": 0.001}",Arsalan,RSS1,20,1100000,,900k,1.1m,2025-05-02,,,,,,5.714,4.88,4.219,3.43,3.973,4.992,5.81,5.249,5.83,5.449,5.904
LMS-MDNPN_KC,affine,"{""alpha"": 0.31622776601683794, ""theta"": 0.01, ""eta0"": 0.001}",Arsalan,RSS1,20,1100000,,900k,1.1m,2025-05-02,,,,,,5.871,4.892,4.267,3.363,4.001,5.088,5.909,5.264,5.958,5.592,6.066
LMS-MDNPN_KC,affine,"{""alpha"": 1.0, ""theta"": 0.01, ""eta0"": 0.001}",Arsalan,RSS1,20,1100000,,900k,1.1m,2025-05-02,,,,,,7.251,5.907,5.241,3.927,4.85,6.281,7.175,6.272,7.311,6.882,7.496
LMS-MDNPN_KC,affine,"{""alpha"": 3.1622776601683795, ""theta"": 0.01, ""eta0"": 0.001}",Arsalan,RSS1,20,1100000,,900k,1.1m,2025-05-02,,,,,,nan,nan,nan,nan,nan,nan,nan,nan,nan,nan,nan
IDBD,affine,"{""metastep"": 3.162277660168379e-07, ""alpha0"": 1e-06}",Arsalan,RSS1,20,1100000,,900k,1.1m,2025-05-02,,,,,,16.871,16.91,16.058,16.129,16.261,16.71,17.666,19.427,18.408,16.674,17.037
IDBD,affine,"{""metastep"": 1e-05, ""alpha0"": 1e-06}",Arsalan,RSS1,20,1100000,,900k,1.1m,2025-05-02,,,,,,15.763,16.506,14.967,15.506,14.822,15.317,17.12,18.733,17.339,15.476,15.961
IDBD,affine,"{""metastep"": 3.162277660168379e-06, ""alpha0"": 1e-06}",Arsalan,RSS1,20,1100000,,900k,1.1m,2025-05-02,,,,,,16.166,16.773,15.547,15.839,15.69,15.915,17.492,19.059,17.886,15.898,16.383
IDBD,affine,"{""metastep"": 1e-06, ""alpha0"": 1e-06}",Arsalan,RSS1,20,1100000,,900k,1.1m,2025-05-02,,,,,,16.644,16.876,15.926,16.052,16.117,16.414,17.607,19.325,18.293,16.416,16.84
IDBD,affine,"{""metastep"": 1e-07, ""alpha0"": 1e-06}",Arsalan,RSS1,20,1100000,,900k,1.1m,2025-05-02,,,,,,16.947,16.92,16.099,16.153,16.303,16.837,17.696,19.466,18.444,16.764,17.096
IDBD,affine,"{""metastep"": 3.1622776601683795e-05, ""alpha0"": 1e-06}",Arsalan,RSS1,20,1100000,,900k,1.1m,2025-05-02,,,,,,15.43,16.073,14.182,14.723,13.185,14.617,16.883,18.181,16.827,15.164,15.616
IDBD,affine,"{""metastep"": 0.0001, ""alpha0"": 1e-06}",Arsalan,RSS1,20,1100000,,900k,1.1m,2025-05-02,,,,,,14.993,15.46,13.446,13.372,11.427,14.083,16.713,17.338,16.109,14.673,15.226
IDBD,affine,"{""metastep"": 0.00031622776601683794, ""alpha0"": 1e-06}",Arsalan,RSS1,20,1100000,,900k,1.1m,2025-05-02,,,,,,14.817,15.054,13.116,12.405,11.018,13.939,16.325,16.759,15.821,14.425,15.099
IDBD,affine,"{""metastep"": 0.01, ""alpha0"": 1e-06}",Arsalan,RSS1,20,1100000,,900k,1.1m,2025-05-02,,,,,,nan,nan,nan,nan,nan,nan,nan,nan,nan,nan,nan
IDBD,affine,"{""metastep"": 0.03162277660168379, ""alpha0"": 1e-06}",Arsalan,RSS1,20,1100000,,900k,1.1m,2025-05-02,,,,,,nan,nan,nan,nan,nan,nan,nan,nan,nan,nan,nan
IDBD,affine,"{""metastep"": 0.001, ""alpha0"": 1e-06}",Arsalan,RSS1,20,1100000,,900k,1.1m,2025-05-02,,,,,,14.711,14.862,12.858,12.097,10.985,13.84,16.257,16.543,15.651,14.293,15.018
IDBD,affine,"{""metastep"": 0.0031622776601683794, ""alpha0"": 1e-06}",Arsalan,RSS1,20,1100000,,900k,1.1m,2025-05-02,,,,,,nan,nan,nan,nan,nan,nan,nan,nan,nan,nan,nan
IDBD,affine,"{""metastep"": 0.1, ""alpha0"": 1e-06}",Arsalan,RSS1,20,1100000,,900k,1.1m,2025-05-02,,,,,,nan,nan,nan,nan,nan,nan,nan,nan,nan,nan,nan
IDBD,affine,"{""metastep"": 0.31622776601683794, ""alpha0"": 1e-06}",Arsalan,RSS1,20,1100000,,900k,1.1m,2025-05-02,,,,,,nan,nan,nan,nan,nan,nan,nan,nan,nan,nan,nan
IDBD,affine,"{""metastep"": 3.1622776601683795, ""alpha0"": 1e-06}",Arsalan,RSS1,20,1100000,,900k,1.1m,2025-05-02,,,,,,nan,nan,nan,nan,nan,nan,nan,nan,nan,nan,nan
IDBD,affine,"{""metastep"": 1.0, ""alpha0"": 1e-06}",Arsalan,RSS1,20,1100000,,900k,1.1m,2025-05-02,,,,,,nan,nan,nan,nan,nan,nan,nan,nan,nan,nan,nan
IDBD2,affine,"{""metastep"": 1e-06, ""alpha0"": 1e-06}",Arsalan,RSS1,20,1100000,,900k,1.1m,2025-05-02,,,,,,16.641,16.875,15.913,16.042,16.095,16.386,17.617,19.327,18.298,16.41,16.839
IDBD2,affine,"{""metastep"": 1e-07, ""alpha0"": 1e-06}",Arsalan,RSS1,20,1100000,,900k,1.1m,2025-05-02,,,,,,16.947,16.92,16.099,16.153,16.303,16.837,17.696,19.466,18.444,16.764,17.096
IDBD2,affine,"{""metastep"": 3.162277660168379e-07, ""alpha0"": 1e-06}",Arsalan,RSS1,20,1100000,,900k,1.1m,2025-05-02,,,,,,16.871,16.909,16.057,16.128,16.259,16.705,17.667,19.427,18.409,16.673,17.038
IDBD2,affine,"{""metastep"": 3.162277660168379e-06, ""alpha0"": 1e-06}",Arsalan,RSS1,20,1100000,,900k,1.1m,2025-05-02,,,,,,16.148,16.763,15.466,15.79,15.603,15.854,17.526,19.044,17.867,15.877,16.368
IDBD2,affine,"{""metastep"": 1e-05, ""alpha0"": 1e-06}",Arsalan,RSS1,20,1100000,,900k,1.1m,2025-05-02,,,,,,15.734,16.47,14.879,15.44,14.672,15.257,17.11,18.697,17.291,15.447,15.931
IDBD2,affine,"{""metastep"": 0.0001, ""alpha0"": 1e-06}",Arsalan,RSS1,20,1100000,,900k,1.1m,2025-05-02,,,,,,14.932,15.319,13.329,13.134,11.272,14.104,16.577,17.154,16.004,14.579,15.176
IDBD2,affine,"{""metastep"": 3.1622776601683795e-05, ""alpha0"": 1e-06}",Arsalan,RSS1,20,1100000,,900k,1.1m,2025-05-02,,,,,,15.389,15.974,14.06,14.591,12.972,14.553,16.882,18.062,16.68,15.129,15.573
IDBD2,affine,"{""metastep"": 0.001, ""alpha0"": 1e-06}",Arsalan,RSS1,20,1100000,,900k,1.1m,2025-05-02,,,,,,nan,nan,nan,nan,nan,nan,nan,nan,nan,nan,nan
IDBD2,affine,"{""metastep"": 0.00031622776601683794, ""alpha0"": 1e-06}",Arsalan,RSS1,20,1100000,,900k,1.1m,2025-05-02,,,,,,14.787,14.961,13.039,12.317,10.927,13.907,16.228,16.677,15.77,14.395,15.065
IDBD2,affine,"{""metastep"": 0.0031622776601683794, ""alpha0"": 1e-06}",Arsalan,RSS1,20,1100000,,900k,1.1m,2025-05-02,,,,,,nan,nan,nan,nan,nan,nan,nan,nan,nan,nan,nan
IDBD2,affine,"{""metastep"": 0.01, ""alpha0"": 1e-06}",Arsalan,RSS1,20,1100000,,900k,1.1m,2025-05-02,,,,,,nan,nan,nan,nan,nan,nan,nan,nan,nan,nan,nan
IDBD2,affine,"{""metastep"": 0.03162277660168379, ""alpha0"": 1e-06}",Arsalan,RSS1,20,1100000,,900k,1.1m,2025-05-02,,,,,,nan,nan,nan,nan,nan,nan,nan,nan,nan,nan,nan
IDBD2,affine,"{""metastep"": 0.1, ""alpha0"": 1e-06}",Arsalan,RSS1,20,1100000,,900k,1.1m,2025-05-02,,,,,,nan,nan,nan,nan,nan,nan,nan,nan,nan,nan,nan
IDBD2,affine,"{""metastep"": 0.31622776601683794, ""alpha0"": 1e-06}",Arsalan,RSS1,20,1100000,,900k,1.1m,2025-05-02,,,,,,nan,nan,nan,nan,nan,nan,nan,nan,nan,nan,nan
IDBD2,affine,"{""metastep"": 1.0, ""alpha0"": 1e-06}",Arsalan,RSS1,20,1100000,,900k,1.1m,2025-05-02,,,,,,nan,nan,nan,nan,nan,nan,nan,nan,nan,nan,nan
IDBD2,affine,"{""metastep"": 3.1622776601683795, ""alpha0"": 1e-06}",Arsalan,RSS1,20,1100000,,900k,1.1m,2025-05-02,,,,,,nan,nan,nan,nan,nan,nan,nan,nan,nan,nan,nan
LMS^IDBD_MGEN,affine,"{""metastep"": 1e-07, ""meta_eta"": 0.001, ""alpha0"": 1e-07, ""base"": {}}",Arsalan,RSS1,20,1100000,,900k,1.1m,2025-05-02,,,,,,17.956,19.835,18.691,17.514,18.11,19.402,19.296,20.566,19.162,17.713,18.175
LMS^IDBD_MGEN,affine,"{""metastep"": 3.162277660168379e-07, ""meta_eta"": 0.001, ""alpha0"": 1e-07, ""base"": {}}",Arsalan,RSS1,20,1100000,,900k,1.1m,2025-05-02,,,,,,17.951,19.833,18.688,17.511,18.107,19.396,19.286,20.561,19.159,17.711,18.167
LMS^IDBD_MGEN,affine,"{""metastep"": 1e-06, ""meta_eta"": 0.001, ""alpha0"": 1e-07, ""base"": {}}",Arsalan,RSS1,20,1100000,,900k,1.1m,2025-05-02,,,,,,17.936,19.828,18.679,17.5,18.098,19.377,19.254,20.548,19.151,17.705,18.144
LMS^IDBD_MGEN,affine,"{""metastep"": 3.162277660168379e-06, ""meta_eta"": 0.001, ""alpha0"": 1e-07, ""base"": {}}",Arsalan,RSS1,20,1100000,,900k,1.1m,2025-05-02,,,,,,17.89,19.812,18.649,17.468,18.07,19.315,19.162,20.508,19.127,17.685,18.074
LMS^IDBD_MGEN,affine,"{""metastep"": 1e-05, ""meta_eta"": 0.001, ""alpha0"": 1e-07, ""base"": {}}",Arsalan,RSS1,20,1100000,,900k,1.1m,2025-05-02,,,,,,17.767,19.76,18.556,17.369,17.986,19.117,18.926,20.405,19.056,17.62,17.892
LMS^IDBD_MGEN,affine,"{""metastep"": 3.1622776601683795e-05, ""meta_eta"": 0.001, ""alpha0"": 1e-07, ""base"": {}}",Arsalan,RSS1,20,1100000,,900k,1.1m,2025-05-02,,,,,,17.455,19.593,18.253,17.098,17.742,18.565,18.442,20.176,18.825,17.321,17.551
LMS^IDBD_MGEN,affine,"{""metastep"": 0.0001, ""meta_eta"": 0.001, ""alpha0"": 1e-07, ""base"": {}}",Arsalan,RSS1,20,1100000,,900k,1.1m,2025-05-02,,,,,,16.126,19.047,17.232,16.425,16.783,16.677,18.932,19.369,18.033,15.907,16.304
LMS^IDBD_MGEN,affine,"{""metastep"": 0.00031622776601683794, ""meta_eta"": 0.001, ""alpha0"": 1e-07, ""base"": {}}",Arsalan,RSS1,20,1100000,,900k,1.1m,2025-05-02,,,,,,15.562,17.847,15.48,15.263,13.833,14.984,17.823,18.457,17.047,15.253,15.781
LMS^IDBD_MGEN,affine,"{""metastep"": 0.001, ""meta_eta"": 0.001, ""alpha0"": 1e-07, ""base"": {}}",Arsalan,RSS1,20,1100000,,900k,1.1m,2025-05-02,,,,,,15.066,16.503,13.519,13.155,11.391,14.133,16.564,17.426,16.145,14.721,15.306
LMS^IDBD_MGEN,affine,"{""metastep"": 0.0031622776601683794, ""meta_eta"": 0.001, ""alpha0"": 1e-07, ""base"": {}}",Arsalan,RSS1,20,1100000,,900k,1.1m,2025-05-02,,,,,,14.891,15.282,13.209,12.425,11.167,13.989,16.398,16.914,15.876,14.507,15.165
LMS^IDBD_MGEN,affine,"{""metastep"": 1.0, ""meta_eta"": 0.001, ""alpha0"": 1e-07, ""base"": {}}",Arsalan,RSS1,20,1100000,,900k,1.1m,2025-05-02,,,,,,nan,nan,nan,nan,nan,nan,nan,nan,nan,nan,nan
LMS^IDBD_MGEN,affine,"{""metastep"": 3.1622776601683795, ""meta_eta"": 0.001, ""alpha0"": 1e-07, ""base"": {}}",Arsalan,RSS1,20,1100000,,900k,1.1m,2025-05-02,,,,,,nan,nan,nan,nan,nan,nan,nan,nan,nan,nan,nan
LMS^IDBD_MGEN,affine,"{""metastep"": 0.01, ""meta_eta"": 0.001, ""alpha0"": 1e-07, ""base"": {}}",Arsalan,RSS1,20,1100000,,900k,1.1m,2025-05-02,,,,,,18.159,14.847,12.753,12.584,13.392,16.781,19.953,20.054,18.498,17.32,18.852
LMS^IDBD_MGEN,affine,"{""metastep"": 0.03162277660168379, ""meta_eta"": 0.001, ""alpha0"": 1e-07, ""base"": {}}",Arsalan,RSS1,20,1100000,,900k,1.1m,2025-05-02,,,,,,42.453,16.028,16.989,28.723,32.697,77.218,58.008,43.133,45.207,32.613,48.073
LMS^IDBD_MGEN,affine,"{""metastep"": 0.1, ""meta_eta"": 0.001, ""alpha0"": 1e-07, ""base"": {}}",Arsalan,RSS1,20,1100000,,900k,1.1m,2025-05-02,,,,,,15034.537,329.078,487.759,238.343,172.641,1943.077,13805.742,11952.618,17527.952,11062.394,17554.828
LMS^IDBD_MGEN,affine,"{""metastep"": 0.31622776601683794, ""meta_eta"": 0.001, ""alpha0"": 1e-07, ""base"": {}}",Arsalan,RSS1,20,1100000,,900k,1.1m,2025-05-02,,,,,,5.116970487679804e+39,1276527675548147.0,1.2183785961211044e+16,7479188660278453.0,8649804565756142.0,1.1107375355097122e+16,1.982471297475774e+32,3.966365066652545e+36,3.1479933785404188e+38,3.698510123739045e+39,5.86747034250666e+39
LMS_MDNPN^IDBD_MGEN,affine,"{""metastep"": 1e-07, ""meta_eta"": 0.001, ""alpha0"": 1e-05, ""base"": {""eta0"": 0.001, ""theta_MDN"": 0.01}}",Arsalan,RSS1,20,1100000,,900k,1.1m,2025-05-02,,,,,,9.098,16.323,7.601,6.298,6.116,7.304,8.188,7.346,8.189,9.299,8.848
LMS_MDNPN^IDBD_MGEN,affine,"{""metastep"": 3.162277660168379e-07, ""meta_eta"": 0.001, ""alpha0"": 1e-05, ""base"": {""eta0"": 0.001, ""theta_MDN"": 0.01}}",Arsalan,RSS1,20,1100000,,900k,1.1m,2025-05-02,,,,,,9.03,16.315,7.583,6.289,6.108,7.289,8.167,7.324,8.169,9.241,8.776
LMS_MDNPN^IDBD_MGEN,affine,"{""metastep"": 1e-06, ""meta_eta"": 0.001, ""alpha0"": 1e-05, ""base"": {""eta0"": 0.001, ""theta_MDN"": 0.01}}",Arsalan,RSS1,20,1100000,,900k,1.1m,2025-05-02,,,,,,8.824,16.289,7.527,6.26,6.084,7.243,8.102,7.256,8.104,9.059,8.561
LMS_MDNPN^IDBD_MGEN,affine,"{""metastep"": 3.162277660168379e-06, ""meta_eta"": 0.001, ""alpha0"": 1e-05, ""base"": {""eta0"": 0.001, ""theta_MDN"": 0.01}}",Arsalan,RSS1,20,1100000,,900k,1.1m,2025-05-02,,,,,,8.249,16.206,7.355,6.177,6.015,7.103,7.906,7.054,7.899,8.506,8.004
LMS_MDNPN^IDBD_MGEN,affine,"{""metastep"": 1e-05, ""meta_eta"": 0.001, ""alpha0"": 1e-05, ""base"": {""eta0"": 0.001, ""theta_MDN"": 0.01}}",Arsalan,RSS1,20,1100000,,900k,1.1m,2025-05-02,,,,,,7.088,15.946,6.875,5.967,5.819,6.707,7.369,6.541,7.277,7.136,7.067
LMS_MDNPN^IDBD_MGEN,affine,"{""metastep"": 3.1622776601683795e-05, ""meta_eta"": 0.001, ""alpha0"": 1e-05, ""base"": {""eta0"": 0.001, ""theta_MDN"": 0.01}}",Arsalan,RSS1,20,1100000,,900k,1.1m,2025-05-02,,,,,,6.027,15.167,5.889,5.311,5.088,5.768,6.42,5.737,6.208,5.845,6.154
LMS_MDNPN^IDBD_MGEN,affine,"{""metastep"": 0.0001, ""meta_eta"": 0.001, ""alpha0"": 1e-05, ""base"": {""eta0"": 0.001, ""theta_MDN"": 0.01}}",Arsalan,RSS1,20,1100000,,900k,1.1m,2025-05-02,,,,,,5.719,13.397,4.908,3.993,4.237,5.139,5.925,5.38,5.881,5.478,5.894
LMS_MDNPN^IDBD_MGEN,affine,"{""metastep"": 0.00031622776601683794, ""meta_eta"": 0.001, ""alpha0"": 1e-05, ""base"": {""eta0"": 0.001, ""theta_MDN"": 0.01}}",Arsalan,RSS1,20,1100000,,900k,1.1m,2025-05-02,,,,,,4.057,10.769,4.397,3.281,2.979,3.785,4.156,3.561,4.178,3.842,4.181
LMS_MDNPN^IDBD_MGEN,affine,"{""metastep"": 0.001, ""meta_eta"": 0.001, ""alpha0"": 1e-05, ""base"": {""eta0"": 0.001, ""theta_MDN"": 0.01}}",Arsalan,RSS1,20,1100000,,900k,1.1m,2025-05-02,,,,,,4.053,7.989,3.459,2.328,2.96,3.782,4.155,3.553,4.169,3.842,4.175
LMS_MDNPN^IDBD_MGEN,affine,"{""metastep"": 0.0031622776601683794, ""meta_eta"": 0.001, ""alpha0"": 1e-05, ""base"": {""eta0"": 0.001, ""theta_MDN"": 0.01}}",Arsalan,RSS1,20,1100000,,900k,1.1m,2025-05-02,,,,,,4.054,5.693,3.462,2.33,2.962,3.779,4.155,3.549,4.166,3.845,4.174
LMS_MDNPN^IDBD_MGEN,affine,"{""metastep"": 1.0, ""meta_eta"": 0.001, ""alpha0"": 1e-05, ""base"": {""eta0"": 0.001, ""theta_MDN"": 0.01}}",Arsalan,RSS1,20,1100000,,900k,1.1m,2025-05-02,,,,,,nan,nan,nan,nan,nan,nan,nan,nan,nan,nan,nan
LMS_MDNPN^IDBD_MGEN,affine,"{""metastep"": 3.1622776601683795, ""meta_eta"": 0.001, ""alpha0"": 1e-05, ""base"": {""eta0"": 0.001, ""theta_MDN"": 0.01}}",Arsalan,RSS1,20,1100000,,900k,1.1m,2025-05-02,,,,,,nan,nan,nan,nan,nan,nan,nan,nan,nan,nan,nan
LMS_MDNPN^IDBD_MGEN,affine,"{""metastep"": 0.03162277660168379, ""meta_eta"": 0.001, ""alpha0"": 1e-05, ""base"": {""eta0"": 0.001, ""theta_MDN"": 0.01}}",Arsalan,RSS1,20,1100000,,900k,1.1m,2025-05-02,,,,,,23.088,5.333,6.421,8.458,9.475,13.601,16.587,17.693,18.968,21.294,24.299
LMS_MDNPN^IDBD_MGEN,affine,"{""metastep"": 0.01, ""meta_eta"": 0.001, ""alpha0"": 1e-05, ""base"": {""eta0"": 0.001, ""theta_MDN"": 0.01}}",Arsalan,RSS1,20,1100000,,900k,1.1m,2025-05-02,,,,,,4.069,4.476,3.473,2.341,2.975,3.788,4.17,3.56,4.182,3.862,4.188
LMS_MDNPN^IDBD_MGEN,affine,"{""metastep"": 0.1, ""meta_eta"": 0.001, ""alpha0"": 1e-05, ""base"": {""eta0"": 0.001, ""theta_MDN"": 0.01}}",Arsalan,RSS1,20,1100000,,900k,1.1m,2025-05-02,,,,,,52.833,42.3,44.995,50.468,47.236,48.297,50.211,51.315,49.463,50.93,54.253
LMS_MDNPN^IDBD_MGEN,affine,"{""metastep"": 0.31622776601683794, ""meta_eta"": 0.001, ""alpha0"": 1e-05, ""base"": {""eta0"": 0.001, ""theta_MDN"": 0.01}}",Arsalan,RSS1,20,1100000,,900k,1.1m,2025-05-02,,,,,,1.0583822744089676e+24,1.1260034500254062e+16,4.935771618992339e+18,1.2386940755969432e+19,1.5870696314439383e+21,2.1317480124411785e+21,2.153169615395756e+21,2.1467604552325574e+21,2.1486896193933135e+21,2.1596977487855312e+21,1.4271210278375698e+24
LMS_MDN^IDBD_MGEN,affine,"{""metastep"": 3.162277660168379e-07, ""meta_eta"": 0.001, ""alpha0"": 1e-05, ""base"": {""eta0"": 0.001, ""theta_MDN"": 0.001}}",Arsalan,RSS1,20,1100000,,900k,1.1m,2025-05-02,,,,,,9.028,16.311,7.578,6.287,6.114,7.299,8.172,7.328,8.178,9.241,8.772
LMS_MDN^IDBD_MGEN,affine,"{""metastep"": 1e-07, ""meta_eta"": 0.001, ""alpha0"": 1e-05, ""base"": {""eta0"": 0.001, ""theta_MDN"": 0.001}}",Arsalan,RSS1,20,1100000,,900k,1.1m,2025-05-02,,,,,,9.096,16.319,7.596,6.297,6.122,7.314,8.192,7.35,8.199,9.299,8.844
LMS_MDN^IDBD_MGEN,affine,"{""metastep"": 1e-06, ""meta_eta"": 0.001, ""alpha0"": 1e-05, ""base"": {""eta0"": 0.001, ""theta_MDN"": 0.001}}",Arsalan,RSS1,20,1100000,,900k,1.1m,2025-05-02,,,,,,8.822,16.284,7.522,6.258,6.09,7.253,8.107,7.26,8.113,9.059,8.558
